"new_case","new_death","date","state","statefull"
<<<<<<< HEAD
7507,47,"2020-NA","AK","Alaska"
22800,143,"2021-NA","AK","Alaska"
16395,89,"2020-NA","AK","Alaska"
8604,111,"2021-NA","AK","Alaska"
13978,76,"2020-NA","AK","Alaska"
0,0,"020-NA","AK","Alaska"
6991,27,"021-NA","AK","Alaska"
0,0,"020-NA","AK","Alaska"
3569,15,"021-NA","AK","Alaska"
128,6,"020-NA","AK","Alaska"
4207,17,"021-NA","AK","Alaska"
227,3,"020-NA","AK","Alaska"
4871,1,"021-NA","AK","Alaska"
108,4,"020-NA","AK","Alaska"
2072,21,"021-NA","AK","Alaska"
481,4,"020-NA","AK","Alaska"
898,8,"021-NA","AK","Alaska"
2049,16,"020-NA","AK","Alaska"
4140,12,"021-NA","AK","Alaska"
2297,19,"020-NA","AK","Alaska"
12078,49,"021-NA","AK","Alaska"
2601,17,"020-NA","AK","Alaska"
25248,125,"021-NA","AK","Alaska"
38091,595,"2020-NA","AL","Alabama"
35332,499,"2021-NA","AL","Alabama"
58297,805,"2020-NA","AL","Alabama"
9366,456,"2021-NA","AL","Alabama"
111970,1806,"2020-NA","AL","Alabama"
0,0,"020-NA","AL","Alabama"
97187,2398,"021-NA","AL","Alabama"
0,1,"020-NA","AL","Alabama"
33900,970,"021-NA","AL","Alabama"
1057,48,"020-NA","AL","Alabama"
22512,387,"021-NA","AL","Alabama"
6117,337,"020-NA","AL","Alabama"
12849,213,"021-NA","AL","Alabama"
11006,480,"020-NA","AL","Alabama"
15769,208,"021-NA","AL","Alabama"
20250,478,"020-NA","AL","Alabama"
5598,126,"021-NA","AL","Alabama"
49585,962,"020-NA","AL","Alabama"
35500,248,"021-NA","AL","Alabama"
38010,1058,"020-NA","AL","Alabama"
116708,1547,"021-NA","AL","Alabama"
27937,617,"020-NA","AL","Alabama"
93952,1790,"021-NA","AL","Alabama"
28493,556,"2020-NA","AR","Arkansas"
17138,405,"2021-NA","AR","Arkansas"
45169,577,"2020-NA","AR","Arkansas"
7510,216,"2021-NA","AR","Arkansas"
67779,1174,"2020-NA","AR","Arkansas"
0,0,"020-NA","AR","Arkansas"
70130,1192,"021-NA","AR","Arkansas"
0,0,"020-NA","AR","Arkansas"
27147,375,"021-NA","AR","Arkansas"
560,8,"020-NA","AR","Arkansas"
7983,383,"021-NA","AR","Arkansas"
2695,53,"020-NA","AR","Arkansas"
5327,113,"021-NA","AR","Arkansas"
3998,72,"020-NA","AR","Arkansas"
5656,94,"021-NA","AR","Arkansas"
13524,137,"020-NA","AR","Arkansas"
8004,76,"021-NA","AR","Arkansas"
21734,183,"020-NA","AR","Arkansas"
37067,232,"021-NA","AR","Arkansas"
18713,344,"020-NA","AR","Arkansas"
66439,793,"021-NA","AR","Arkansas"
22473,572,"020-NA","AR","Arkansas"
43186,757,"021-NA","AR","Arkansas"
0,0,"2020-NA","AS",NA
3,0,"2021-NA","AS",NA
3,0,"2020-NA","AS",NA
1,0,"2021-NA","AS",NA
0,0,"2020-NA","AS",NA
0,0,"020-NA","AS",NA
0,0,"021-NA","AS",NA
0,0,"020-NA","AS",NA
1,0,"021-NA","AS",NA
0,0,"020-NA","AS",NA
-4,0,"021-NA","AS",NA
0,0,"020-NA","AS",NA
0,0,"021-NA","AS",NA
0,0,"020-NA","AS",NA
0,0,"021-NA","AS",NA
0,0,"020-NA","AS",NA
0,0,"021-NA","AS",NA
0,0,"020-NA","AS",NA
0,0,"021-NA","AS",NA
0,0,"020-NA","AS",NA
0,0,"021-NA","AS",NA
0,0,"020-NA","AS",NA
1,0,"021-NA","AS",NA
27495,329,"2020-NA","AZ","Arizona"
75317,1170,"2021-NA","AZ","Arizona"
80961,660,"2020-NA","AZ","Arizona"
51533,582,"2021-NA","AZ","Arizona"
193483,2225,"2020-NA","AZ","Arizona"
1,0,"020-NA","AZ","Arizona"
238290,4256,"021-NA","AZ","Arizona"
0,0,"020-NA","AZ","Arizona"
58558,2860,"021-NA","AZ","Arizona"
1288,24,"020-NA","AZ","Arizona"
25029,987,"021-NA","AZ","Arizona"
6359,296,"020-NA","AZ","Arizona"
20061,357,"021-NA","AZ","Arizona"
12288,586,"020-NA","AZ","Arizona"
18953,304,"021-NA","AZ","Arizona"
59300,726,"020-NA","AZ","Arizona"
13425,308,"021-NA","AZ","Arizona"
94826,2062,"020-NA","AZ","Arizona"
32360,310,"021-NA","AZ","Arizona"
27856,1335,"020-NA","AZ","Arizona"
84688,540,"021-NA","AZ","Arizona"
16702,621,"020-NA","AZ","Arizona"
81660,1198,"021-NA","AZ","Arizona"
111380,1948,"2020-NA","CA","California"
172876,2849,"2021-NA","CA","California"
290963,1615,"2020-NA","CA","California"
105003,1071,"2021-NA","CA","California"
1018584,6154,"2020-NA","CA","California"
0,0,"020-NA","CA","California"
1011796,14539,"021-NA","CA","California"
34,0,"020-NA","CA","California"
232214,11881,"021-NA","CA","California"
6898,150,"020-NA","CA","California"
92864,6142,"021-NA","CA","California"
41985,1740,"020-NA","CA","California"
69706,2531,"021-NA","CA","California"
61666,2153,"020-NA","CA","California"
46900,1544,"021-NA","CA","California"
112334,1834,"020-NA","CA","California"
25422,1012,"021-NA","CA","California"
270671,3062,"020-NA","CA","California"
138616,912,"021-NA","CA","California"
210497,3818,"020-NA","CA","California"
401722,1352,"021-NA","CA","California"
106540,2900,"020-NA","CA","California"
291469,3383,"021-NA","CA","California"
38758,234,"2020-NA","CO","Colorado"
68364,643,"2021-NA","CO","Colorado"
135529,752,"2020-NA","CO","Colorado"
51707,571,"2021-NA","CO","Colorado"
100744,1777,"2020-NA","CO","Colorado"
0,0,"020-NA","CO","Colorado"
59309,780,"021-NA","CO","Colorado"
0,0,"020-NA","CO","Colorado"
31561,357,"021-NA","CO","Colorado"
2937,69,"020-NA","CO","Colorado"
32085,156,"021-NA","CO","Colorado"
12900,708,"020-NA","CO","Colorado"
48533,188,"021-NA","CO","Colorado"
10924,668,"020-NA","CO","Colorado"
30505,285,"021-NA","CO","Colorado"
6416,245,"020-NA","CO","Colorado"
11133,214,"021-NA","CO","Colorado"
14610,148,"020-NA","CO","Colorado"
16893,154,"021-NA","CO","Colorado"
10638,107,"020-NA","CO","Colorado"
40653,194,"021-NA","CO","Colorado"
13742,106,"020-NA","CO","Colorado"
50798,401,"021-NA","CO","Colorado"
13657,108,"2020-NA","CT","Connecticut"
12238,135,"2021-NA","CT","Connecticut"
46088,404,"2020-NA","CT","Connecticut"
7890,62,"2021-NA","CT","Connecticut"
68413,975,"2020-NA","CT","Connecticut"
0,0,"020-NA","CT","Connecticut"
64315,1051,"021-NA","CT","Connecticut"
0,0,"020-NA","CT","Connecticut"
29923,576,"021-NA","CT","Connecticut"
3128,69,"020-NA","CT","Connecticut"
30942,264,"021-NA","CT","Connecticut"
24572,2188,"020-NA","CT","Connecticut"
28345,211,"021-NA","CT","Connecticut"
14501,1687,"020-NA","CT","Connecticut"
8273,141,"021-NA","CT","Connecticut"
4313,378,"020-NA","CT","Connecticut"
1846,40,"021-NA","CT","Connecticut"
3296,110,"020-NA","CT","Connecticut"
5397,15,"021-NA","CT","Connecticut"
3069,33,"020-NA","CT","Connecticut"
18171,65,"021-NA","CT","Connecticut"
4671,43,"020-NA","CT","Connecticut"
17273,271,"021-NA","CT","Connecticut"
1940,19,"2020-NA","DC","Maryland"
3087,16,"2021-NA","DC","Maryland"
4286,34,"2020-NA","DC","Maryland"
1467,5,"2021-NA","DC","Maryland"
7431,106,"2020-NA","DC","Maryland"
0,0,"020-NA","DC","Maryland"
7889,127,"021-NA","DC","Maryland"
0,0,"020-NA","DC","Maryland"
3726,104,"021-NA","DC","Maryland"
495,9,"020-NA","DC","Maryland"
3915,47,"021-NA","DC","Maryland"
3828,215,"020-NA","DC","Maryland"
3184,41,"021-NA","DC","Maryland"
4478,242,"020-NA","DC","Maryland"
1234,27,"021-NA","DC","Maryland"
1526,85,"020-NA","DC","Maryland"
382,9,"021-NA","DC","Maryland"
1799,34,"020-NA","DC","Maryland"
1147,8,"021-NA","DC","Maryland"
1866,22,"020-NA","DC","Maryland"
4708,11,"021-NA","DC","Maryland"
1334,20,"020-NA","DC","Maryland"
5347,14,"021-NA","DC","Maryland"
4380,74,"2020-NA","DE","Delaware"
11235,137,"2021-NA","DE","Delaware"
11232,67,"2020-NA","DE","Delaware"
4095,52,"2021-NA","DE","Delaware"
22329,153,"2020-NA","DE","Delaware"
0,0,"020-NA","DE","Delaware"
20976,160,"021-NA","DE","Delaware"
0,0,"020-NA","DE","Delaware"
8888,332,"021-NA","DE","Delaware"
414,10,"020-NA","DE","Delaware"
7193,137,"021-NA","DE","Delaware"
4632,142,"020-NA","DE","Delaware"
9353,66,"021-NA","DE","Delaware"
4705,217,"020-NA","DE","Delaware"
3619,36,"021-NA","DE","Delaware"
1977,140,"020-NA","DE","Delaware"
868,25,"021-NA","DE","Delaware"
3598,76,"020-NA","DE","Delaware"
1663,9,"021-NA","DE","Delaware"
2439,20,"020-NA","DE","Delaware"
8445,47,"021-NA","DE","Delaware"
3141,31,"020-NA","DE","Delaware"
13111,74,"021-NA","DE","Delaware"
98404,1572,"2020-NA","FL","Florida"
77115,2490,"2021-NA","FL","Florida"
193287,1955,"2020-NA","FL","Florida"
25191,172,"2021-NA","FL","Florida"
328608,3488,"2020-NA","FL","Florida"
0,0,"020-NA","FL","Florida"
374382,5473,"021-NA","FL","Florida"
0,0,"020-NA","FL","Florida"
179441,3452,"021-NA","FL","Florida"
6515,177,"020-NA","FL","Florida"
151481,1946,"021-NA","FL","Florida"
26982,1301,"020-NA","FL","Florida"
170873,1579,"021-NA","FL","Florida"
21688,1204,"020-NA","FL","Florida"
87130,1426,"021-NA","FL","Florida"
101033,1158,"020-NA","FL","Florida"
52526,899,"021-NA","FL","Florida"
315375,5239,"020-NA","FL","Florida"
291260,2071,"021-NA","FL","Florida"
148790,5185,"020-NA","FL","Florida"
639642,9846,"021-NA","FL","Florida"
77639,2271,"020-NA","FL","Florida"
307219,7942,"021-NA","FL","Florida"
0,0,"2020-NA","FSM",NA
0,0,"2021-NA","FSM",NA
0,0,"2020-NA","FSM",NA
0,0,"2021-NA","FSM",NA
0,0,"2020-NA","FSM",NA
0,0,"020-NA","FSM",NA
1,0,"021-NA","FSM",NA
0,0,"020-NA","FSM",NA
0,0,"021-NA","FSM",NA
0,0,"020-NA","FSM",NA
0,0,"021-NA","FSM",NA
0,0,"020-NA","FSM",NA
0,0,"021-NA","FSM",NA
0,0,"020-NA","FSM",NA
0,0,"021-NA","FSM",NA
0,0,"020-NA","FSM",NA
0,0,"021-NA","FSM",NA
0,0,"020-NA","FSM",NA
2,0,"021-NA","FSM",NA
0,0,"020-NA","FSM",NA
0,0,"021-NA","FSM",NA
0,0,"020-NA","FSM",NA
0,0,"021-NA","FSM",NA
53276,958,"2020-NA","GA","Georgia"
55377,2981,"2021-NA","GA","Georgia"
82570,1007,"2020-NA","GA","Georgia"
16663,836,"2021-NA","GA","Georgia"
194889,1482,"2020-NA","GA","Georgia"
0,0,"020-NA","GA","Georgia"
242993,3264,"021-NA","GA","Georgia"
2,0,"020-NA","GA","Georgia"
97076,3097,"021-NA","GA","Georgia"
4234,130,"020-NA","GA","Georgia"
53027,1760,"021-NA","GA","Georgia"
21005,981,"020-NA","GA","Georgia"
40639,1135,"021-NA","GA","Georgia"
20371,941,"020-NA","GA","Georgia"
23654,647,"021-NA","GA","Georgia"
36065,753,"020-NA","GA","Georgia"
10732,586,"021-NA","GA","Georgia"
109057,947,"020-NA","GA","Georgia"
48705,260,"021-NA","GA","Georgia"
90035,1881,"020-NA","GA","Georgia"
220304,1057,"021-NA","GA","Georgia"
54948,1388,"020-NA","GA","Georgia"
175134,3344,"021-NA","GA","Georgia"
2140,30,"2020-NA","GU",NA
3118,44,"2021-NA","GU",NA
2261,33,"2020-NA","GU",NA
729,18,"2021-NA","GU",NA
419,9,"2020-NA","GU",NA
0,0,"020-NA","GU",NA
300,8,"021-NA","GU",NA
0,0,"020-NA","GU",NA
126,1,"021-NA","GU",NA
71,2,"020-NA","GU",NA
76,4,"021-NA","GU",NA
75,3,"020-NA","GU",NA
165,2,"021-NA","GU",NA
29,0,"020-NA","GU",NA
198,3,"021-NA","GU",NA
92,0,"020-NA","GU",NA
193,1,"021-NA","GU",NA
89,0,"020-NA","GU",NA
189,3,"021-NA","GU",NA
1091,8,"020-NA","GU",NA
2185,5,"021-NA","GU",NA
1041,36,"020-NA","GU",NA
4428,47,"021-NA","GU",NA
2515,82,"2020-NA","HI","Hawaii"
4802,131,"2021-NA","HI","Hawaii"
2713,24,"2020-NA","HI","Hawaii"
1551,59,"2021-NA","HI","Hawaii"
3318,44,"2020-NA","HI","Hawaii"
0,0,"020-NA","HI","Hawaii"
4176,121,"021-NA","HI","Hawaii"
0,0,"020-NA","HI","Hawaii"
1687,29,"021-NA","HI","Hawaii"
283,1,"020-NA","HI","Hawaii"
2306,24,"021-NA","HI","Hawaii"
324,15,"020-NA","HI","Hawaii"
2915,20,"021-NA","HI","Hawaii"
37,1,"020-NA","HI","Hawaii"
2341,17,"021-NA","HI","Hawaii"
264,1,"020-NA","HI","Hawaii"
1356,17,"021-NA","HI","Hawaii"
1264,8,"020-NA","HI","Hawaii"
4252,20,"021-NA","HI","Hawaii"
6450,44,"020-NA","HI","Hawaii"
20710,52,"021-NA","HI","Hawaii"
3858,66,"020-NA","HI","Hawaii"
15431,191,"021-NA","HI","Hawaii"
39136,370,"2020-NA","IA","Iowa"
32314,402,"2021-NA","IA","Iowa"
101482,687,"2020-NA","IA","Iowa"
22381,303,"2021-NA","IA","Iowa"
51221,1488,"2020-NA","IA","Iowa"
0,0,"020-NA","IA","Iowa"
38578,1010,"021-NA","IA","Iowa"
0,0,"020-NA","IA","Iowa"
17082,570,"021-NA","IA","Iowa"
497,7,"020-NA","IA","Iowa"
14670,272,"021-NA","IA","Iowa"
6648,155,"020-NA","IA","Iowa"
13843,207,"021-NA","IA","Iowa"
12407,372,"020-NA","IA","Iowa"
6582,105,"021-NA","IA","Iowa"
9395,180,"020-NA","IA","Iowa"
2437,83,"021-NA","IA","Iowa"
15635,153,"020-NA","IA","Iowa"
6373,45,"021-NA","IA","Iowa"
20241,249,"020-NA","IA","Iowa"
26334,85,"021-NA","IA","Iowa"
24007,230,"020-NA","IA","Iowa"
47250,295,"021-NA","IA","Iowa"
22560,160,"2020-NA","ID","Idaho"
33994,631,"2021-NA","ID","Idaho"
37090,300,"2020-NA","ID","Idaho"
9875,247,"2021-NA","ID","Idaho"
39379,507,"2020-NA","ID","Idaho"
0,0,"020-NA","ID","Idaho"
21606,289,"021-NA","ID","Idaho"
0,0,"020-NA","ID","Idaho"
8457,135,"021-NA","ID","Idaho"
525,9,"020-NA","ID","Idaho"
9396,102,"021-NA","ID","Idaho"
1490,54,"020-NA","ID","Idaho"
7120,84,"021-NA","ID","Idaho"
824,19,"020-NA","ID","Idaho"
4422,44,"021-NA","ID","Idaho"
3278,10,"020-NA","ID","Idaho"
2920,62,"021-NA","ID","Idaho"
14604,97,"020-NA","ID","Idaho"
5775,47,"021-NA","ID","Idaho"
11367,172,"020-NA","ID","Idaho"
20616,164,"021-NA","ID","Idaho"
9960,108,"020-NA","ID","Idaho"
35933,544,"021-NA","ID","Idaho"
120796,1124,"2020-NA","IL","Illinois"
68016,955,"2021-NA","IL","Illinois"
309745,2945,"2020-NA","IL","Illinois"
51989,434,"2021-NA","IL","Illinois"
237085,4993,"2020-NA","IL","Illinois"
2,0,"020-NA","IL","Illinois"
162912,3275,"021-NA","IL","Illinois"
0,0,"020-NA","IL","Illinois"
60395,1482,"021-NA","IL","Illinois"
5992,99,"020-NA","IL","Illinois"
57889,844,"021-NA","IL","Illinois"
46924,2256,"020-NA","IL","Illinois"
90470,712,"021-NA","IL","Illinois"
67342,3035,"020-NA","IL","Illinois"
47131,932,"021-NA","IL","Illinois"
23978,1734,"020-NA","IL","Illinois"
9553,451,"021-NA","IL","Illinois"
35880,568,"020-NA","IL","Illinois"
29741,246,"021-NA","IL","Illinois"
56607,543,"020-NA","IL","Illinois"
101462,580,"021-NA","IL","Illinois"
59038,681,"020-NA","IL","Illinois"
104566,1165,"021-NA","IL","Illinois"
59339,693,"2020-NA","IN","Indiana"
55830,1080,"2021-NA","IN","Indiana"
159628,1386,"2020-NA","IN","Indiana"
39741,418,"2021-NA","IN","Indiana"
172712,2534,"2020-NA","IN","Indiana"
0,0,"020-NA","IN","Indiana"
115569,2813,"021-NA","IN","Indiana"
0,0,"020-NA","IN","Indiana"
35331,1489,"021-NA","IN","Indiana"
2159,50,"020-NA","IN","Indiana"
25339,474,"021-NA","IN","Indiana"
15676,1055,"020-NA","IN","Indiana"
32488,293,"021-NA","IN","Indiana"
16739,1016,"020-NA","IN","Indiana"
23723,296,"021-NA","IN","Indiana"
11020,505,"020-NA","IN","Indiana"
9779,239,"021-NA","IN","Indiana"
20560,320,"020-NA","IN","Indiana"
18304,164,"021-NA","IN","Indiana"
28042,332,"020-NA","IN","Indiana"
86335,480,"021-NA","IN","Indiana"
25823,345,"020-NA","IN","Indiana"
104242,1165,"021-NA","IN","Indiana"
25432,351,"2020-NA","KS","Kansas"
24528,364,"2021-NA","KS","Kansas"
72265,531,"2020-NA","KS","Kansas"
15167,199,"2021-NA","KS","Kansas"
64987,1181,"2020-NA","KS","Kansas"
0,0,"020-NA","KS","Kansas"
52252,1038,"021-NA","KS","Kansas"
0,0,"020-NA","KS","Kansas"
18978,956,"021-NA","KS","Kansas"
428,9,"020-NA","KS","Kansas"
8709,178,"021-NA","KS","Kansas"
3810,120,"020-NA","KS","Kansas"
6758,69,"021-NA","KS","Kansas"
5481,79,"020-NA","KS","Kansas"
5182,94,"021-NA","KS","Kansas"
4724,62,"020-NA","KS","Kansas"
3794,80,"021-NA","KS","Kansas"
13369,88,"020-NA","KS","Kansas"
15394,102,"021-NA","KS","Kansas"
14800,88,"020-NA","KS","Kansas"
37573,299,"021-NA","KS","Kansas"
17137,232,"020-NA","KS","Kansas"
39045,494,"021-NA","KS","Kansas"
36226,532,"2020-NA","KY","Kentucky"
46253,612,"2021-NA","KY","Kentucky"
75948,1044,"2020-NA","KY","Kentucky"
18322,277,"2021-NA","KY","Kentucky"
89248,1700,"2020-NA","KY","Kentucky"
0,0,"020-NA","KY","Kentucky"
95182,1322,"021-NA","KY","Kentucky"
0,0,"020-NA","KY","Kentucky"
40218,618,"021-NA","KY","Kentucky"
711,22,"020-NA","KY","Kentucky"
19255,226,"021-NA","KY","Kentucky"
4024,239,"020-NA","KY","Kentucky"
16341,154,"021-NA","KY","Kentucky"
5598,242,"020-NA","KY","Kentucky"
11881,157,"021-NA","KY","Kentucky"
6473,174,"020-NA","KY","Kentucky"
5534,119,"021-NA","KY","Kentucky"
16988,212,"020-NA","KY","Kentucky"
20408,126,"021-NA","KY","Kentucky"
20202,301,"020-NA","KY","Kentucky"
100489,675,"021-NA","KY","Kentucky"
20759,313,"020-NA","KY","Kentucky"
114446,1253,"021-NA","KY","Kentucky"
19191,408,"2020-NA","LA","Louisiana"
17938,598,"2021-NA","LA","Louisiana"
45765,501,"2020-NA","LA","Louisiana"
7295,161,"2021-NA","LA","Louisiana"
82861,1068,"2020-NA","LA","Louisiana"
0,0,"020-NA","LA","Louisiana"
85351,1371,"021-NA","LA","Louisiana"
0,0,"020-NA","LA","Louisiana"
29474,749,"021-NA","LA","Louisiana"
5237,239,"020-NA","LA","Louisiana"
14833,533,"021-NA","LA","Louisiana"
22807,1666,"020-NA","LA","Louisiana"
13648,241,"021-NA","LA","Louisiana"
11872,886,"020-NA","LA","Louisiana"
12836,194,"021-NA","LA","Louisiana"
18179,430,"020-NA","LA","Louisiana"
9586,162,"021-NA","LA","Louisiana"
58185,728,"020-NA","LA","Louisiana"
63914,270,"021-NA","LA","Louisiana"
32614,1001,"020-NA","LA","Louisiana"
144319,1527,"021-NA","LA","Louisiana"
18564,561,"020-NA","LA","Louisiana"
50833,1414,"021-NA","LA","Louisiana"
26460,542,"2020-NA","MA","Massachusetts"
39971,369,"2021-NA","MA","Massachusetts"
67556,820,"2020-NA","MA","Massachusetts"
29388,218,"2021-NA","MA","Massachusetts"
149046,1765,"2020-NA","MA","Massachusetts"
0,0,"020-NA","MA","Massachusetts"
148847,2219,"021-NA","MA","Massachusetts"
1,0,"020-NA","MA","Massachusetts"
57123,1387,"021-NA","MA","Massachusetts"
6619,155,"020-NA","MA","Massachusetts"
54432,1024,"021-NA","MA","Massachusetts"
55585,3970,"020-NA","MA","Massachusetts"
53393,367,"021-NA","MA","Massachusetts"
34760,3114,"020-NA","MA","Massachusetts"
18064,262,"021-NA","MA","Massachusetts"
6736,887,"020-NA","MA","Massachusetts"
2929,122,"021-NA","MA","Massachusetts"
6086,500,"020-NA","MA","Massachusetts"
10515,88,"021-NA","MA","Massachusetts"
8997,442,"020-NA","MA","Massachusetts"
39388,164,"021-NA","MA","Massachusetts"
11627,418,"020-NA","MA","Massachusetts"
52082,381,"021-NA","MA","Massachusetts"
20635,226,"2020-NA","MD","Maryland"
27400,435,"2021-NA","MD","Maryland"
54990,591,"2020-NA","MD","Maryland"
12565,191,"2021-NA","MD","Maryland"
79084,1404,"2020-NA","MD","Maryland"
0,0,"020-NA","MD","Maryland"
75417,1315,"021-NA","MD","Maryland"
0,0,"020-NA","MD","Maryland"
27066,770,"021-NA","MD","Maryland"
1660,44,"020-NA","MD","Maryland"
30226,457,"021-NA","MD","Maryland"
21812,1204,"020-NA","MD","Maryland"
35412,487,"021-NA","MD","Maryland"
29855,1436,"020-NA","MD","Maryland"
11604,300,"021-NA","MD","Maryland"
14591,632,"020-NA","MD","Maryland"
2410,130,"021-NA","MD","Maryland"
21447,298,"020-NA","MD","Maryland"
6467,82,"021-NA","MD","Maryland"
19498,266,"020-NA","MD","Maryland"
29555,198,"021-NA","MD","Maryland"
16647,184,"020-NA","MD","Maryland"
35494,436,"021-NA","MD","Maryland"
1237,5,"2020-NA","ME","Maine"
13532,143,"2021-NA","ME","Maine"
5308,67,"2020-NA","ME","Maine"
7831,76,"2021-NA","ME","Maine"
12225,133,"2020-NA","ME","Maine"
0,0,"020-NA","ME","Maine"
15341,248,"021-NA","ME","Maine"
0,0,"020-NA","ME","Maine"
5221,108,"021-NA","ME","Maine"
303,5,"020-NA","ME","Maine"
6025,40,"021-NA","ME","Maine"
820,50,"020-NA","ME","Maine"
10742,41,"021-NA","ME","Maine"
1226,34,"020-NA","ME","Maine"
6289,41,"021-NA","ME","Maine"
945,16,"020-NA","ME","Maine"
1235,34,"021-NA","ME","Maine"
643,18,"020-NA","ME","Maine"
1409,41,"021-NA","ME","Maine"
611,9,"020-NA","ME","Maine"
5826,34,"021-NA","ME","Maine"
883,10,"020-NA","ME","Maine"
14438,90,"021-NA","ME","Maine"
66505,672,"2020-NA","MI","Michigan"
120455,694,"2021-NA","MI","Michigan"
173167,2377,"2020-NA","MI","Michigan"
103492,455,"2021-NA","MI","Michigan"
107516,3642,"2020-NA","MI","Michigan"
0,0,"020-NA","MI","Michigan"
63934,2008,"021-NA","MI","Michigan"
0,0,"020-NA","MI","Michigan"
34918,820,"021-NA","MI","Michigan"
19903,558,"020-NA","MI","Michigan"
110358,661,"021-NA","MI","Michigan"
34532,3944,"020-NA","MI","Michigan"
157899,1862,"021-NA","MI","Michigan"
43686,1430,"020-NA","MI","Michigan"
39926,1440,"021-NA","MI","Michigan"
27082,377,"020-NA","MI","Michigan"
6259,438,"021-NA","MI","Michigan"
41363,236,"020-NA","MI","Michigan"
13080,160,"021-NA","MI","Michigan"
39178,290,"020-NA","MI","Michigan"
46562,231,"021-NA","MI","Michigan"
36796,290,"020-NA","MI","Michigan"
91984,392,"021-NA","MI","Michigan"
49338,422,"2020-NA","MN","Minnesota"
76456,537,"2021-NA","MN","Minnesota"
170291,1141,"2020-NA","MN","Minnesota"
62287,378,"2021-NA","MN","Minnesota"
96539,1730,"2020-NA","MN","Minnesota"
0,0,"020-NA","MN","Minnesota"
46505,886,"021-NA","MN","Minnesota"
0,0,"020-NA","MN","Minnesota"
22787,283,"021-NA","MN","Minnesota"
689,17,"020-NA","MN","Minnesota"
34044,237,"021-NA","MN","Minnesota"
4447,326,"020-NA","MN","Minnesota"
56283,311,"021-NA","MN","Minnesota"
20072,717,"020-NA","MN","Minnesota"
25638,282,"021-NA","MN","Minnesota"
11508,422,"020-NA","MN","Minnesota"
3915,168,"021-NA","MN","Minnesota"
18472,164,"020-NA","MN","Minnesota"
7543,76,"021-NA","MN","Minnesota"
20676,220,"020-NA","MN","Minnesota"
37056,136,"021-NA","MN","Minnesota"
23270,223,"020-NA","MN","Minnesota"
61130,296,"021-NA","MN","Minnesota"
65625,980,"2020-NA","MO","Missouri"
33639,540,"2021-NA","MO","Missouri"
135242,1599,"2020-NA","MO","Missouri"
20686,368,"2021-NA","MO","Missouri"
111450,1752,"2020-NA","MO","Missouri"
0,0,"020-NA","MO","Missouri"
76800,1249,"021-NA","MO","Missouri"
0,0,"020-NA","MO","Missouri"
24690,463,"021-NA","MO","Missouri"
2558,32,"020-NA","MO","Missouri"
17032,236,"021-NA","MO","Missouri"
6142,446,"020-NA","MO","Missouri"
17582,155,"021-NA","MO","Missouri"
5393,418,"020-NA","MO","Missouri"
14044,121,"021-NA","MO","Missouri"
11267,213,"020-NA","MO","Missouri"
20308,235,"021-NA","MO","Missouri"
30375,286,"020-NA","MO","Missouri"
61493,352,"021-NA","MO","Missouri"
35304,486,"020-NA","MO","Missouri"
79045,955,"021-NA","MO","Missouri"
46213,644,"020-NA","MO","Missouri"
61059,893,"021-NA","MO","Missouri"
22,0,"2020-NA","MP",NA
42,1,"2021-NA","MP",NA
13,0,"2020-NA","MP",NA
83,0,"2021-NA","MP",NA
17,0,"2020-NA","MP",NA
0,0,"020-NA","MP",NA
10,0,"021-NA","MP",NA
0,0,"020-NA","MP",NA
11,0,"021-NA","MP",NA
2,0,"020-NA","MP",NA
16,0,"021-NA","MP",NA
12,2,"020-NA","MP",NA
5,0,"021-NA","MP",NA
8,0,"020-NA","MP",NA
19,0,"021-NA","MP",NA
8,0,"020-NA","MP",NA
0,0,"021-NA","MP",NA
12,0,"020-NA","MP",NA
7,0,"021-NA","MP",NA
14,0,"020-NA","MP",NA
53,0,"021-NA","MP",NA
14,0,"020-NA","MP",NA
27,0,"021-NA","MP",NA
21304,436,"2020-NA","MS","Mississippi"
15102,188,"2021-NA","MS","Mississippi"
36049,719,"2020-NA","MS","Mississippi"
5399,83,"2021-NA","MS","Mississippi"
63076,1241,"2020-NA","MS","Mississippi"
0,0,"020-NA","MS","Mississippi"
55973,1048,"021-NA","MS","Mississippi"
0,0,"020-NA","MS","Mississippi"
18619,329,"021-NA","MS","Mississippi"
2242,153,"020-NA","MS","Mississippi"
9712,178,"021-NA","MS","Mississippi"
6218,427,"020-NA","MS","Mississippi"
6746,115,"021-NA","MS","Mississippi"
8987,440,"020-NA","MS","Mississippi"
5132,100,"021-NA","MS","Mississippi"
15389,391,"020-NA","MS","Mississippi"
4189,70,"021-NA","MS","Mississippi"
31944,852,"020-NA","MS","Mississippi"
24532,278,"021-NA","MS","Mississippi"
21714,608,"020-NA","MS","Mississippi"
92830,464,"021-NA","MS","Mississippi"
15005,379,"020-NA","MS","Mississippi"
49555,599,"021-NA","MS","Mississippi"
19408,194,"2020-NA","MT","Montana"
24814,337,"2021-NA","MT","Montana"
29397,306,"2020-NA","MT","Montana"
10360,167,"2021-NA","MT","Montana"
19357,280,"2020-NA","MT","Montana"
0,0,"020-NA","MT","Montana"
12394,272,"021-NA","MT","Montana"
0,0,"020-NA","MT","Montana"
6005,124,"021-NA","MT","Montana"
203,5,"020-NA","MT","Montana"
4598,80,"021-NA","MT","Montana"
250,11,"020-NA","MT","Montana"
4193,108,"021-NA","MT","Montana"
62,1,"020-NA","MT","Montana"
3012,42,"021-NA","MT","Montana"
503,5,"020-NA","MT","Montana"
1926,52,"021-NA","MT","Montana"
2947,38,"020-NA","MT","Montana"
2699,40,"021-NA","MT","Montana"
3528,45,"020-NA","MT","Montana"
10773,95,"021-NA","MT","Montana"
5900,76,"020-NA","MT","Montana"
23806,209,"021-NA","MT","Montana"
65059,900,"2020-NA","NC","North Carolina"
82260,1526,"2021-NA","NC","North Carolina"
94592,1119,"2020-NA","NC","North Carolina"
30401,412,"2021-NA","NC","North Carolina"
199152,2047,"2020-NA","NC","North Carolina"
0,0,"020-NA","NC","North Carolina"
208314,3018,"021-NA","NC","North Carolina"
0,0,"020-NA","NC","North Carolina"
82769,1331,"021-NA","NC","North Carolina"
2314,13,"020-NA","NC","North Carolina"
51667,452,"021-NA","NC","North Carolina"
9177,420,"020-NA","NC","North Carolina"
53852,331,"021-NA","NC","North Carolina"
19151,553,"020-NA","NC","North Carolina"
29807,345,"021-NA","NC","North Carolina"
41125,460,"020-NA","NC","North Carolina"
12213,166,"021-NA","NC","North Carolina"
56603,653,"020-NA","NC","North Carolina"
47379,208,"021-NA","NC","North Carolina"
44929,881,"020-NA","NC","North Carolina"
173926,1102,"021-NA","NC","North Carolina"
41311,852,"020-NA","NC","North Carolina"
161914,1673,"021-NA","NC","North Carolina"
22825,275,"2020-NA","ND","North Dakota"
15586,151,"2021-NA","ND","North Dakota"
34612,423,"2020-NA","ND","North Dakota"
8346,69,"2021-NA","ND","North Dakota"
13115,355,"2020-NA","ND","North Dakota"
0,0,"020-NA","ND","North Dakota"
4913,113,"021-NA","ND","North Dakota"
0,0,"020-NA","ND","North Dakota"
2169,23,"021-NA","ND","North Dakota"
126,3,"020-NA","ND","North Dakota"
3447,21,"021-NA","ND","North Dakota"
941,16,"020-NA","ND","North Dakota"
4340,28,"021-NA","ND","North Dakota"
1510,42,"020-NA","ND","North Dakota"
2323,18,"021-NA","ND","North Dakota"
999,18,"020-NA","ND","North Dakota"
756,16,"021-NA","ND","North Dakota"
3026,24,"020-NA","ND","North Dakota"
940,11,"021-NA","ND","North Dakota"
5398,42,"020-NA","ND","North Dakota"
6297,22,"021-NA","ND","North Dakota"
10218,111,"020-NA","ND","North Dakota"
14853,50,"021-NA","ND","North Dakota"
25957,174,"2020-NA","NE","Nebraska"
17687,135,"2021-NA","NE","Nebraska"
55761,366,"2020-NA","NE","Nebraska"
14383,110,"2021-NA","NE","Nebraska"
39891,633,"2020-NA","NE","Nebraska"
0,0,"020-NA","NE","Nebraska"
24421,270,"021-NA","NE","Nebraska"
0,0,"020-NA","NE","Nebraska"
9801,161,"021-NA","NE","Nebraska"
180,3,"020-NA","NE","Nebraska"
9560,98,"021-NA","NE","Nebraska"
4281,67,"020-NA","NE","Nebraska"
9251,65,"021-NA","NE","Nebraska"
9605,100,"020-NA","NE","Nebraska"
3255,4,"021-NA","NE","Nebraska"
5065,104,"020-NA","NE","Nebraska"
1170,11,"021-NA","NE","Nebraska"
7035,39,"020-NA","NE","Nebraska"
4203,20,"021-NA","NE","Nebraska"
8196,84,"020-NA","NE","Nebraska"
16171,42,"021-NA","NE","Nebraska"
11262,81,"020-NA","NE","Nebraska"
22014,123,"021-NA","NE","Nebraska"
2818,44,"2020-NA","NH","New Hampshire"
14249,84,"2021-NA","NH","New Hampshire"
9910,43,"2020-NA","NH","New Hampshire"
13135,74,"2021-NA","NH","New Hampshire"
23034,232,"2020-NA","NH","New Hampshire"
0,0,"020-NA","NH","New Hampshire"
21667,299,"021-NA","NH","New Hampshire"
0,0,"020-NA","NH","New Hampshire"
9729,113,"021-NA","NH","New Hampshire"
367,3,"020-NA","NH","New Hampshire"
8752,68,"021-NA","NH","New Hampshire"
1779,69,"020-NA","NH","New Hampshire"
10710,65,"021-NA","NH","New Hampshire"
2505,173,"020-NA","NH","New Hampshire"
3860,50,"021-NA","NH","New Hampshire"
1131,126,"020-NA","NH","New Hampshire"
758,19,"021-NA","NH","New Hampshire"
801,44,"020-NA","NH","New Hampshire"
1262,15,"021-NA","NH","New Hampshire"
692,17,"020-NA","NH","New Hampshire"
6923,30,"021-NA","NH","New Hampshire"
991,7,"020-NA","NH","New Hampshire"
12579,64,"021-NA","NH","New Hampshire"
39343,228,"2020-NA","NJ","New Jersey"
44347,545,"2021-NA","NJ","New Jersey"
117852,643,"2020-NA","NJ","New Jersey"
22590,228,"2021-NA","NJ","New Jersey"
160001,2049,"2020-NA","NJ","New Jersey"
0,0,"020-NA","NJ","New Jersey"
169045,2442,"021-NA","NJ","New Jersey"
0,0,"020-NA","NJ","New Jersey"
92527,1768,"021-NA","NJ","New Jersey"
18696,267,"020-NA","NJ","New Jersey"
119460,1309,"021-NA","NJ","New Jersey"
99957,6961,"020-NA","NJ","New Jersey"
97412,993,"021-NA","NJ","New Jersey"
42154,4470,"020-NA","NJ","New Jersey"
19109,658,"021-NA","NJ","New Jersey"
11871,1513,"020-NA","NJ","New Jersey"
7063,245,"021-NA","NJ","New Jersey"
11286,784,"020-NA","NJ","New Jersey"
15958,145,"021-NA","NJ","New Jersey"
11506,126,"020-NA","NJ","New Jersey"
52613,280,"021-NA","NJ","New Jersey"
15118,177,"020-NA","NJ","New Jersey"
62604,545,"021-NA","NJ","New Jersey"
17055,135,"2020-NA","NM","New Mexico"
22185,249,"2021-NA","NM","New Mexico"
50605,535,"2020-NA","NM","New Mexico"
21581,154,"2021-NA","NM","New Mexico"
45769,888,"2020-NA","NM","New Mexico"
0,0,"020-NA","NM","New Mexico"
31200,794,"021-NA","NM","New Mexico"
0,0,"020-NA","NM","New Mexico"
11068,422,"021-NA","NM","New Mexico"
315,5,"020-NA","NM","New Mexico"
6520,224,"021-NA","NM","New Mexico"
3096,118,"020-NA","NM","New Mexico"
6081,130,"021-NA","NM","New Mexico"
4278,223,"020-NA","NM","New Mexico"
5415,87,"021-NA","NM","New Mexico"
4458,133,"020-NA","NM","New Mexico"
2394,78,"021-NA","NM","New Mexico"
8453,135,"020-NA","NM","New Mexico"
5232,70,"021-NA","NM","New Mexico"
4752,125,"020-NA","NM","New Mexico"
21840,110,"021-NA","NM","New Mexico"
4083,88,"020-NA","NM","New Mexico"
20410,283,"021-NA","NM","New Mexico"
20678,135,"2020-NA","NV","Nevada"
18313,481,"2021-NA","NV","Nevada"
51406,367,"2020-NA","NV","Nevada"
13213,241,"2021-NA","NV","Nevada"
72562,981,"2020-NA","NV","Nevada"
0,0,"020-NA","NV","Nevada"
53577,1145,"021-NA","NV","Nevada"
0,0,"020-NA","NV","Nevada"
15446,687,"021-NA","NV","Nevada"
1113,26,"020-NA","NV","Nevada"
10008,292,"021-NA","NV","Nevada"
3894,226,"020-NA","NV","Nevada"
11676,215,"021-NA","NV","Nevada"
3603,186,"020-NA","NV","Nevada"
8694,122,"021-NA","NV","Nevada"
10074,91,"020-NA","NV","Nevada"
9580,95,"021-NA","NV","Nevada"
29628,327,"020-NA","NV","Nevada"
23532,233,"021-NA","NV","Nevada"
21172,478,"020-NA","NV","Nevada"
33356,596,"021-NA","NV","Nevada"
10601,308,"020-NA","NV","Nevada"
30719,640,"021-NA","NV","Nevada"
29663,222,"2020-NA","NY","New York"
97641,792,"2021-NA","NY","New York"
91730,739,"2020-NA","NY","New York"
60010,408,"2021-NA","NY","New York"
212153,2564,"2020-NA","NY","New York"
0,0,"020-NA","NY","New York"
263125,3654,"021-NA","NY","New York"
0,0,"020-NA","NY","New York"
107667,1783,"021-NA","NY","New York"
32656,211,"020-NA","NY","New York"
107227,781,"021-NA","NY","New York"
104238,5134,"020-NA","NY","New York"
92985,625,"021-NA","NY","New York"
30573,2785,"020-NA","NY","New York"
32062,371,"021-NA","NY","New York"
10808,550,"020-NA","NY","New York"
6255,150,"021-NA","NY","New York"
11591,161,"020-NA","NY","New York"
15309,55,"021-NA","NY","New York"
10653,111,"020-NA","NY","New York"
70452,305,"021-NA","NY","New York"
14089,89,"020-NA","NY","New York"
97576,678,"021-NA","NY","New York"
20792,174,"2020-NA","NYC","New York"
35699,285,"2021-NA","NYC","New York"
54418,329,"2020-NA","NYC","New York"
18597,149,"2021-NA","NYC","New York"
119963,1028,"2020-NA","NYC","New York"
0,0,"020-NA","NYC","New York"
175380,2131,"021-NA","NYC","New York"
0,0,"020-NA","NYC","New York"
113681,2214,"021-NA","NYC","New York"
53869,1744,"020-NA","NYC","New York"
120593,1871,"021-NA","NYC","New York"
120300,16734,"020-NA","NYC","New York"
77525,1320,"021-NA","NYC","New York"
32688,3653,"020-NA","NYC","New York"
19860,647,"021-NA","NYC","New York"
10966,823,"020-NA","NYC","New York"
6357,178,"021-NA","NYC","New York"
10719,309,"020-NA","NYC","New York"
21343,117,"021-NA","NYC","New York"
8168,142,"020-NA","NYC","New York"
57974,315,"021-NA","NYC","New York"
10589,125,"020-NA","NYC","New York"
50711,429,"021-NA","NYC","New York"
61710,497,"2020-NA","OH","Ohio"
131355,2582,"2021-NA","OH","Ohio"
205366,1128,"2020-NA","OH","Ohio"
68727,1286,"2021-NA","OH","Ohio"
279317,2533,"2020-NA","OH","Ohio"
0,0,"020-NA","OH","Ohio"
195412,2213,"021-NA","OH","Ohio"
0,0,"020-NA","OH","Ohio"
71630,2359,"021-NA","OH","Ohio"
2199,55,"020-NA","OH","Ohio"
50144,1314,"021-NA","OH","Ohio"
15828,920,"020-NA","OH","Ohio"
54746,673,"021-NA","OH","Ohio"
17486,1180,"020-NA","OH","Ohio"
29932,577,"021-NA","OH","Ohio"
16276,708,"020-NA","OH","Ohio"
9080,448,"021-NA","OH","Ohio"
39370,626,"020-NA","OH","Ohio"
17711,183,"021-NA","OH","Ohio"
31998,649,"020-NA","OH","Ohio"
91623,374,"021-NA","OH","Ohio"
30830,666,"020-NA","OH","Ohio"
193072,1079,"021-NA","OH","Ohio"
39651,572,"2020-NA","OK","Oklahoma"
29467,787,"2021-NA","OK","Oklahoma"
85987,1002,"2020-NA","OK","Oklahoma"
11890,294,"2021-NA","OK","Oklahoma"
105592,1616,"2020-NA","OK","Oklahoma"
0,0,"020-NA","OK","Oklahoma"
83375,1678,"021-NA","OK","Oklahoma"
28,0,"020-NA","OK","Oklahoma"
24269,671,"021-NA","OK","Oklahoma"
1627,31,"020-NA","OK","Oklahoma"
9213,237,"021-NA","OK","Oklahoma"
2789,209,"020-NA","OK","Oklahoma"
6789,106,"021-NA","OK","Oklahoma"
2983,124,"020-NA","OK","Oklahoma"
4072,60,"021-NA","OK","Oklahoma"
11587,74,"020-NA","OK","Oklahoma"
4938,77,"021-NA","OK","Oklahoma"
23629,229,"020-NA","OK","Oklahoma"
26187,122,"021-NA","OK","Oklahoma"
20734,361,"020-NA","OK","Oklahoma"
70129,541,"021-NA","OK","Oklahoma"
30917,346,"020-NA","OK","Oklahoma"
60721,953,"021-NA","OK","Oklahoma"
11412,130,"2020-NA","OR","Oregon"
34999,581,"2021-NA","OR","Oregon"
30510,223,"2020-NA","OR","Oregon"
15813,483,"2021-NA","OR","Oregon"
38478,565,"2020-NA","OR","Oregon"
0,0,"020-NA","OR","Oregon"
28507,480,"021-NA","OR","Oregon"
1,0,"020-NA","OR","Oregon"
13181,251,"021-NA","OR","Oregon"
689,18,"020-NA","OR","Oregon"
9415,175,"021-NA","OR","Oregon"
1820,85,"020-NA","OR","Oregon"
19800,112,"021-NA","OR","Oregon"
1733,50,"020-NA","OR","Oregon"
16663,176,"021-NA","OR","Oregon"
4413,54,"020-NA","OR","Oregon"
7162,103,"021-NA","OR","Oregon"
9837,115,"020-NA","OR","Oregon"
11799,85,"021-NA","OR","Oregon"
8220,137,"020-NA","OR","Oregon"
55851,339,"021-NA","OR","Oregon"
6796,100,"020-NA","OR","Oregon"
53767,593,"021-NA","OR","Oregon"
49597,670,"2020-NA","PA","Pennsylvania"
134999,2054,"2021-NA","PA","Pennsylvania"
154983,1571,"2020-NA","PA","Pennsylvania"
72169,1029,"2021-NA","PA","Pennsylvania"
278875,5595,"2020-NA","PA","Pennsylvania"
0,0,"020-NA","PA","Pennsylvania"
202380,5624,"021-NA","PA","Pennsylvania"
0,0,"020-NA","PA","Pennsylvania"
86864,2419,"021-NA","PA","Pennsylvania"
4959,63,"020-NA","PA","Pennsylvania"
93719,1072,"021-NA","PA","Pennsylvania"
43175,2229,"020-NA","PA","Pennsylvania"
125866,1125,"021-NA","PA","Pennsylvania"
27806,3275,"020-NA","PA","Pennsylvania"
50716,996,"021-NA","PA","Pennsylvania"
15114,1120,"020-NA","PA","Pennsylvania"
9420,464,"021-NA","PA","Pennsylvania"
26017,517,"020-NA","PA","Pennsylvania"
13522,174,"021-NA","PA","Pennsylvania"
22644,469,"020-NA","PA","Pennsylvania"
69312,383,"021-NA","PA","Pennsylvania"
25399,469,"020-NA","PA","Pennsylvania"
129572,1165,"021-NA","PA","Pennsylvania"
13076,175,"2020-NA","PR",NA
3267,70,"2021-NA","PR",NA
21262,339,"2020-NA","PR",NA
1905,25,"2021-NA","PR",NA
21801,453,"2020-NA","PR",NA
0,0,"020-NA","PR",NA
13095,261,"021-NA","PR",NA
0,0,"020-NA","PR",NA
6009,130,"021-NA","PR",NA
430,22,"020-NA","PR",NA
7684,67,"021-NA","PR",NA
713,83,"020-NA","PR",NA
24102,198,"021-NA","PR",NA
316,38,"020-NA","PR",NA
5733,188,"021-NA","PR",NA
559,16,"020-NA","PR",NA
1456,38,"021-NA","PR",NA
6460,98,"020-NA","PR",NA
7397,29,"021-NA","PR",NA
8355,209,"020-NA","PR",NA
24186,299,"021-NA","PR",NA
9068,242,"020-NA","PR",NA
9897,279,"021-NA","PR",NA
0,0,"2020-NA","PW",NA
3,0,"2021-NA","PW",NA
0,0,"2020-NA","PW",NA
0,0,"2021-NA","PW",NA
0,0,"2020-NA","PW",NA
0,0,"020-NA","PW",NA
0,0,"021-NA","PW",NA
0,0,"020-NA","PW",NA
0,0,"021-NA","PW",NA
0,0,"020-NA","PW",NA
0,0,"021-NA","PW",NA
0,0,"020-NA","PW",NA
0,0,"021-NA","PW",NA
0,0,"020-NA","PW",NA
0,0,"021-NA","PW",NA
0,0,"020-NA","PW",NA
0,0,"021-NA","PW",NA
0,0,"020-NA","PW",NA
0,0,"021-NA","PW",NA
0,0,"020-NA","PW",NA
2,0,"021-NA","PW",NA
0,0,"020-NA","PW",NA
3,0,"021-NA","PW",NA
8674,89,"2020-NA","RI","Rhode Island"
7444,41,"2021-NA","RI","Rhode Island"
23455,198,"2020-NA","RI","Rhode Island"
4928,21,"2021-NA","RI","Rhode Island"
32651,503,"2020-NA","RI","Rhode Island"
0,0,"020-NA","RI","Rhode Island"
26068,435,"021-NA","RI","Rhode Island"
0,0,"020-NA","RI","Rhode Island"
10582,193,"021-NA","RI","Rhode Island"
511,9,"020-NA","RI","Rhode Island"
11182,86,"021-NA","RI","Rhode Island"
8183,331,"020-NA","RI","Rhode Island"
10612,52,"021-NA","RI","Rhode Island"
6146,485,"020-NA","RI","Rhode Island"
3530,37,"021-NA","RI","Rhode Island"
1896,148,"020-NA","RI","Rhode Island"
681,18,"021-NA","RI","Rhode Island"
2235,53,"020-NA","RI","Rhode Island"
2112,6,"021-NA","RI","Rhode Island"
2804,52,"020-NA","RI","Rhode Island"
8362,33,"021-NA","RI","Rhode Island"
2958,47,"020-NA","RI","Rhode Island"
9763,64,"021-NA","RI","Rhode Island"
2,0,"2020-NA","RMI",NA
0,0,"2021-NA","RMI",NA
2,0,"2020-NA","RMI",NA
0,0,"2021-NA","RMI",NA
0,0,"2020-NA","RMI",NA
0,0,"020-NA","RMI",NA
0,0,"021-NA","RMI",NA
0,0,"020-NA","RMI",NA
0,0,"021-NA","RMI",NA
0,0,"020-NA","RMI",NA
0,0,"021-NA","RMI",NA
0,0,"020-NA","RMI",NA
0,0,"021-NA","RMI",NA
0,0,"020-NA","RMI",NA
0,0,"021-NA","RMI",NA
0,0,"020-NA","RMI",NA
0,0,"021-NA","RMI",NA
0,0,"020-NA","RMI",NA
0,0,"021-NA","RMI",NA
0,0,"020-NA","RMI",NA
0,0,"021-NA","RMI",NA
0,0,"020-NA","RMI",NA
0,0,"021-NA","RMI",NA
28628,535,"2020-NA","SC","South Carolina"
40004,1283,"2021-NA","SC","South Carolina"
42863,490,"2020-NA","SC","South Carolina"
9976,287,"2021-NA","SC","South Carolina"
97208,912,"2020-NA","SC","South Carolina"
0,0,"020-NA","SC","South Carolina"
147009,1732,"021-NA","SC","South Carolina"
0,0,"020-NA","SC","South Carolina"
59089,1467,"021-NA","SC","South Carolina"
978,11,"020-NA","SC","South Carolina"
30387,599,"021-NA","SC","South Carolina"
5011,188,"020-NA","SC","South Carolina"
25189,355,"021-NA","SC","South Carolina"
6070,287,"020-NA","SC","South Carolina"
13531,244,"021-NA","SC","South Carolina"
23625,238,"020-NA","SC","South Carolina"
5219,121,"021-NA","SC","South Carolina"
54265,944,"020-NA","SC","South Carolina"
22858,111,"021-NA","SC","South Carolina"
32971,1067,"020-NA","SC","South Carolina"
116994,681,"021-NA","SC","South Carolina"
25765,611,"020-NA","SC","South Carolina"
121668,1876,"021-NA","SC","South Carolina"
23603,202,"2020-NA","SD","South Dakota"
9464,93,"2021-NA","SD","South Dakota"
34472,521,"2020-NA","SD","South Dakota"
6510,59,"2021-NA","SD","South Dakota"
18700,542,"2020-NA","SD","South Dakota"
0,0,"020-NA","SD","South Dakota"
9086,290,"021-NA","SD","South Dakota"
0,0,"020-NA","SD","South Dakota"
4177,110,"021-NA","SD","South Dakota"
108,1,"020-NA","SD","South Dakota"
5332,47,"021-NA","SD","South Dakota"
2341,16,"020-NA","SD","South Dakota"
4901,32,"021-NA","SD","South Dakota"
2544,45,"020-NA","SD","South Dakota"
1531,47,"021-NA","SD","South Dakota"
1771,29,"020-NA","SD","South Dakota"
345,21,"021-NA","SD","South Dakota"
2000,39,"020-NA","SD","South Dakota"
839,8,"021-NA","SD","South Dakota"
4745,37,"020-NA","SD","South Dakota"
6884,26,"021-NA","SD","South Dakota"
8880,56,"020-NA","SD","South Dakota"
12759,73,"021-NA","SD","South Dakota"
64225,921,"2020-NA","TN","Tennessee"
53629,1228,"2021-NA","TN","Tennessee"
107917,1213,"2020-NA","TN","Tennessee"
17192,363,"2021-NA","TN","Tennessee"
211265,2256,"2020-NA","TN","Tennessee"
0,0,"020-NA","TN","Tennessee"
143113,2764,"021-NA","TN","Tennessee"
0,0,"020-NA","TN","Tennessee"
48631,1819,"021-NA","TN","Tennessee"
1981,13,"020-NA","TN","Tennessee"
36686,511,"021-NA","TN","Tennessee"
8825,182,"020-NA","TN","Tennessee"
36341,293,"021-NA","TN","Tennessee"
11863,169,"020-NA","TN","Tennessee"
18133,249,"021-NA","TN","Tennessee"
19391,228,"020-NA","TN","Tennessee"
6501,116,"021-NA","TN","Tennessee"
60768,441,"020-NA","TN","Tennessee"
30445,178,"021-NA","TN","Tennessee"
49319,714,"020-NA","TN","Tennessee"
154898,746,"021-NA","TN","Tennessee"
40951,673,"020-NA","TN","Tennessee"
176693,1663,"021-NA","TN","Tennessee"
151629,2559,"2020-NA","TX","Texas"
162787,6005,"2021-NA","TX","Texas"
310361,4784,"2020-NA","TX","Texas"
47479,1741,"2021-NA","TX","Texas"
477740,7027,"2020-NA","TX","Texas"
0,0,"020-NA","TX","Texas"
604460,9907,"021-NA","TX","Texas"
0,0,"020-NA","TX","Texas"
283392,5213,"021-NA","TX","Texas"
3266,101,"020-NA","TX","Texas"
139281,2322,"021-NA","TX","Texas"
24821,893,"020-NA","TX","Texas"
99922,1221,"021-NA","TX","Texas"
36200,925,"020-NA","TX","Texas"
60617,983,"021-NA","TX","Texas"
95699,1348,"020-NA","TX","Texas"
44613,534,"021-NA","TX","Texas"
260960,6683,"020-NA","TX","Texas"
134719,623,"021-NA","TX","Texas"
192023,4830,"020-NA","TX","Texas"
448541,3550,"021-NA","TX","Texas"
135998,2132,"020-NA","TX","Texas"
442670,8341,"021-NA","TX","Texas"
41614,145,"2020-NA","UT","Utah"
41388,276,"2021-NA","UT","Utah"
81050,267,"2020-NA","UT","Utah"
27365,178,"2021-NA","UT","Utah"
80906,398,"2020-NA","UT","Utah"
0,0,"020-NA","UT","Utah"
70012,396,"021-NA","UT","Utah"
0,0,"020-NA","UT","Utah"
24611,270,"021-NA","UT","Utah"
934,5,"020-NA","UT","Utah"
14406,187,"021-NA","UT","Utah"
3819,41,"020-NA","UT","Utah"
11682,80,"021-NA","UT","Utah"
5191,67,"020-NA","UT","Utah"
8847,100,"021-NA","UT","Utah"
12802,60,"020-NA","UT","Utah"
8969,59,"021-NA","UT","Utah"
18051,134,"020-NA","UT","Utah"
18076,85,"021-NA","UT","Utah"
11995,101,"020-NA","UT","Utah"
31207,178,"021-NA","UT","Utah"
20250,51,"020-NA","UT","Utah"
44072,298,"021-NA","UT","Utah"
33672,427,"2020-NA","VA","Virginia"
56851,1142,"2021-NA","VA","Virginia"
57671,438,"2020-NA","VA","Virginia"
23624,495,"2021-NA","VA","Virginia"
114703,988,"2020-NA","VA","Virginia"
0,0,"020-NA","VA","Virginia"
152873,1393,"021-NA","VA","Virginia"
0,0,"020-NA","VA","Virginia"
69534,2309,"021-NA","VA","Virginia"
1484,34,"020-NA","VA","Virginia"
43628,1486,"021-NA","VA","Virginia"
15417,547,"020-NA","VA","Virginia"
39751,508,"021-NA","VA","Virginia"
28497,811,"020-NA","VA","Virginia"
15044,417,"021-NA","VA","Virginia"
17389,371,"020-NA","VA","Virginia"
4967,225,"021-NA","VA","Virginia"
28014,452,"020-NA","VA","Virginia"
16302,115,"021-NA","VA","Virginia"
30814,397,"020-NA","VA","Virginia"
72976,327,"021-NA","VA","Virginia"
27106,616,"020-NA","VA","Virginia"
99486,945,"021-NA","VA","Virginia"
60,1,"2020-NA","VI",NA
448,10,"2021-NA","VI",NA
172,2,"2020-NA","VI",NA
174,3,"2021-NA","VI",NA
486,0,"2020-NA","VI",NA
0,0,"020-NA","VI",NA
385,1,"021-NA","VI",NA
0,0,"020-NA","VI",NA
225,1,"021-NA","VI",NA
30,0,"020-NA","VI",NA
261,1,"021-NA","VI",NA
36,4,"020-NA","VI",NA
218,1,"021-NA","VI",NA
3,2,"020-NA","VI",NA
333,0,"021-NA","VI",NA
21,0,"020-NA","VI",NA
421,3,"021-NA","VI",NA
331,2,"020-NA","VI",NA
750,7,"021-NA","VI",NA
718,7,"020-NA","VI",NA
1295,18,"021-NA","VI",NA
179,5,"020-NA","VI",NA
834,16,"021-NA","VI",NA
414,0,"2020-NA","VT","Vermont"
5402,41,"2021-NA","VT","Vermont"
2013,15,"2020-NA","VT","Vermont"
5225,33,"2021-NA","VT","Vermont"
2932,73,"2020-NA","VT","Vermont"
0,0,"020-NA","VT","Vermont"
4109,34,"021-NA","VT","Vermont"
0,0,"020-NA","VT","Vermont"
2969,25,"021-NA","VT","Vermont"
271,16,"020-NA","VT","Vermont"
3924,19,"021-NA","VT","Vermont"
521,32,"020-NA","VT","Vermont"
3504,19,"021-NA","VT","Vermont"
108,6,"020-NA","VT","Vermont"
1185,6,"021-NA","VT","Vermont"
203,1,"020-NA","VT","Vermont"
167,2,"021-NA","VT","Vermont"
192,2,"020-NA","VT","Vermont"
481,1,"021-NA","VT","Vermont"
185,0,"020-NA","VT","Vermont"
3152,15,"021-NA","VT","Vermont"
127,0,"020-NA","VT","Vermont"
4796,37,"021-NA","VT","Vermont"
21135,240,"2020-NA","WA","Washington"
67809,902,"2021-NA","WA","Washington"
59558,408,"2020-NA","WA","Washington"
30875,401,"2021-NA","WA","Washington"
76819,687,"2020-NA","WA","Washington"
1,0,"020-NA","WA","Washington"
66279,824,"021-NA","WA","Washington"
0,1,"020-NA","WA","Washington"
27424,671,"021-NA","WA","Washington"
5340,194,"020-NA","WA","Washington"
24184,291,"021-NA","WA","Washington"
9067,619,"020-NA","WA","Washington"
38608,252,"021-NA","WA","Washington"
7353,304,"020-NA","WA","Washington"
33767,266,"021-NA","WA","Washington"
11065,214,"020-NA","WA","Washington"
14920,165,"021-NA","WA","Washington"
23919,232,"020-NA","WA","Washington"
23551,193,"021-NA","WA","Washington"
18469,351,"020-NA","WA","Washington"
87895,451,"021-NA","WA","Washington"
13687,211,"020-NA","WA","Washington"
94585,1152,"021-NA","WA","Washington"
108747,755,"2020-NA","WI","Wisconsin"
72293,528,"2021-NA","WI","Wisconsin"
173860,1402,"2020-NA","WI","Wisconsin"
50473,325,"2021-NA","WI","Wisconsin"
108708,1748,"2020-NA","WI","Wisconsin"
0,0,"020-NA","WI","Wisconsin"
71702,1192,"021-NA","WI","Wisconsin"
0,0,"020-NA","WI","Wisconsin"
25227,580,"021-NA","WI","Wisconsin"
1351,16,"020-NA","WI","Wisconsin"
18674,301,"021-NA","WI","Wisconsin"
5503,300,"020-NA","WI","Wisconsin"
24409,235,"021-NA","WI","Wisconsin"
11549,276,"020-NA","WI","Wisconsin"
13970,306,"021-NA","WI","Wisconsin"
13259,199,"020-NA","WI","Wisconsin"
3202,272,"021-NA","WI","Wisconsin"
25272,150,"020-NA","WI","Wisconsin"
10271,163,"021-NA","WI","Wisconsin"
23634,189,"020-NA","WI","Wisconsin"
46047,171,"021-NA","WI","Wisconsin"
48555,207,"020-NA","WI","Wisconsin"
76224,426,"021-NA","WI","Wisconsin"
8612,107,"2020-NA","WV","West Virginia"
32073,756,"2021-NA","WV","West Virginia"
23382,278,"2020-NA","WV","West Virginia"
11633,250,"2021-NA","WV","West Virginia"
37492,603,"2020-NA","WV","West Virginia"
0,0,"020-NA","WV","West Virginia"
35667,686,"021-NA","WV","West Virginia"
0,0,"020-NA","WV","West Virginia"
10854,276,"021-NA","WV","West Virginia"
162,1,"020-NA","WV","West Virginia"
9883,211,"021-NA","WV","West Virginia"
963,43,"020-NA","WV","West Virginia"
11390,3,"021-NA","WV","West Virginia"
885,31,"020-NA","WV","West Virginia"
8585,113,"021-NA","WV","West Virginia"
895,18,"020-NA","WV","West Virginia"
2328,81,"021-NA","WV","West Virginia"
3737,23,"020-NA","WV","West Virginia"
3196,56,"021-NA","WV","West Virginia"
3608,98,"020-NA","WV","West Virginia"
22453,137,"021-NA","WV","West Virginia"
5598,136,"020-NA","WV","West Virginia"
50769,586,"021-NA","WV","West Virginia"
7350,37,"2020-NA","WY","Wyoming"
12324,178,"2021-NA","WY","Wyoming"
20007,128,"2020-NA","WY","Wyoming"
5487,173,"2021-NA","WY","Wyoming"
11104,223,"2020-NA","WY","Wyoming"
0,0,"020-NA","WY","Wyoming"
7503,158,"021-NA","WY","Wyoming"
0,0,"020-NA","WY","Wyoming"
2482,75,"021-NA","WY","Wyoming"
120,0,"020-NA","WY","Wyoming"
1916,29,"021-NA","WY","Wyoming"
439,7,"020-NA","WY","Wyoming"
1832,7,"021-NA","WY","Wyoming"
344,10,"020-NA","WY","Wyoming"
2164,12,"021-NA","WY","Wyoming"
584,3,"020-NA","WY","Wyoming"
1984,28,"021-NA","WY","Wyoming"
1239,6,"020-NA","WY","Wyoming"
2949,29,"021-NA","WY","Wyoming"
1116,11,"020-NA","WY","Wyoming"
9897,82,"021-NA","WY","Wyoming"
2106,13,"020-NA","WY","Wyoming"
15466,138,"021-NA","WY","Wyoming"
=======
227,3,"2020-4","AK","Alaska"
4871,1,"2021-4","AK","Alaska"
2297,19,"2020-8","AK","Alaska"
12078,49,"2021-8","AK","Alaska"
13978,76,"2020-12","AK","Alaska"
0,0,"2020-2","AK","Alaska"
3569,15,"2021-2","AK","Alaska"
0,0,"2020-1","AK","Alaska"
6991,27,"2021-1","AK","Alaska"
2049,16,"2020-7","AK","Alaska"
4140,12,"2021-7","AK","Alaska"
481,4,"2020-6","AK","Alaska"
898,8,"2021-6","AK","Alaska"
128,6,"2020-3","AK","Alaska"
4207,17,"2021-3","AK","Alaska"
108,4,"2020-5","AK","Alaska"
2072,21,"2021-5","AK","Alaska"
16395,89,"2020-11","AK","Alaska"
8604,111,"2021-11","AK","Alaska"
7507,47,"2020-10","AK","Alaska"
22800,143,"2021-10","AK","Alaska"
2601,17,"2020-9","AK","Alaska"
25248,125,"2021-9","AK","Alaska"
6117,337,"2020-4","AL","Alabama"
12849,213,"2021-4","AL","Alabama"
38010,1058,"2020-8","AL","Alabama"
116708,1547,"2021-8","AL","Alabama"
111970,1806,"2020-12","AL","Alabama"
0,1,"2020-2","AL","Alabama"
33900,970,"2021-2","AL","Alabama"
0,0,"2020-1","AL","Alabama"
97187,2398,"2021-1","AL","Alabama"
49585,962,"2020-7","AL","Alabama"
35500,248,"2021-7","AL","Alabama"
20250,478,"2020-6","AL","Alabama"
5598,126,"2021-6","AL","Alabama"
1057,48,"2020-3","AL","Alabama"
22512,387,"2021-3","AL","Alabama"
11006,480,"2020-5","AL","Alabama"
15769,208,"2021-5","AL","Alabama"
58297,805,"2020-11","AL","Alabama"
9366,456,"2021-11","AL","Alabama"
38091,595,"2020-10","AL","Alabama"
35332,499,"2021-10","AL","Alabama"
27937,617,"2020-9","AL","Alabama"
93952,1790,"2021-9","AL","Alabama"
2695,53,"2020-4","AR","Arkansas"
5327,113,"2021-4","AR","Arkansas"
18713,344,"2020-8","AR","Arkansas"
66439,793,"2021-8","AR","Arkansas"
67779,1174,"2020-12","AR","Arkansas"
0,0,"2020-2","AR","Arkansas"
27147,375,"2021-2","AR","Arkansas"
0,0,"2020-1","AR","Arkansas"
70130,1192,"2021-1","AR","Arkansas"
21734,183,"2020-7","AR","Arkansas"
37067,232,"2021-7","AR","Arkansas"
13524,137,"2020-6","AR","Arkansas"
8004,76,"2021-6","AR","Arkansas"
560,8,"2020-3","AR","Arkansas"
7983,383,"2021-3","AR","Arkansas"
3998,72,"2020-5","AR","Arkansas"
5656,94,"2021-5","AR","Arkansas"
45169,577,"2020-11","AR","Arkansas"
7510,216,"2021-11","AR","Arkansas"
28493,556,"2020-10","AR","Arkansas"
17138,405,"2021-10","AR","Arkansas"
22473,572,"2020-9","AR","Arkansas"
43186,757,"2021-9","AR","Arkansas"
0,0,"2020-4","AS",NA
0,0,"2021-4","AS",NA
0,0,"2020-8","AS",NA
0,0,"2021-8","AS",NA
0,0,"2020-12","AS",NA
0,0,"2020-2","AS",NA
1,0,"2021-2","AS",NA
0,0,"2020-1","AS",NA
0,0,"2021-1","AS",NA
0,0,"2020-7","AS",NA
0,0,"2021-7","AS",NA
0,0,"2020-6","AS",NA
0,0,"2021-6","AS",NA
0,0,"2020-3","AS",NA
-4,0,"2021-3","AS",NA
0,0,"2020-5","AS",NA
0,0,"2021-5","AS",NA
3,0,"2020-11","AS",NA
1,0,"2021-11","AS",NA
0,0,"2020-10","AS",NA
3,0,"2021-10","AS",NA
0,0,"2020-9","AS",NA
1,0,"2021-9","AS",NA
6359,296,"2020-4","AZ","Arizona"
20061,357,"2021-4","AZ","Arizona"
27856,1335,"2020-8","AZ","Arizona"
84688,540,"2021-8","AZ","Arizona"
193483,2225,"2020-12","AZ","Arizona"
0,0,"2020-2","AZ","Arizona"
58558,2860,"2021-2","AZ","Arizona"
1,0,"2020-1","AZ","Arizona"
238290,4256,"2021-1","AZ","Arizona"
94826,2062,"2020-7","AZ","Arizona"
32360,310,"2021-7","AZ","Arizona"
59300,726,"2020-6","AZ","Arizona"
13425,308,"2021-6","AZ","Arizona"
1288,24,"2020-3","AZ","Arizona"
25029,987,"2021-3","AZ","Arizona"
12288,586,"2020-5","AZ","Arizona"
18953,304,"2021-5","AZ","Arizona"
80961,660,"2020-11","AZ","Arizona"
51533,582,"2021-11","AZ","Arizona"
27495,329,"2020-10","AZ","Arizona"
75317,1170,"2021-10","AZ","Arizona"
16702,621,"2020-9","AZ","Arizona"
81660,1198,"2021-9","AZ","Arizona"
41985,1740,"2020-4","CA","California"
69706,2531,"2021-4","CA","California"
210497,3818,"2020-8","CA","California"
401722,1352,"2021-8","CA","California"
1018584,6154,"2020-12","CA","California"
34,0,"2020-2","CA","California"
232214,11881,"2021-2","CA","California"
0,0,"2020-1","CA","California"
1011796,14539,"2021-1","CA","California"
270671,3062,"2020-7","CA","California"
138616,912,"2021-7","CA","California"
112334,1834,"2020-6","CA","California"
25422,1012,"2021-6","CA","California"
6898,150,"2020-3","CA","California"
92864,6142,"2021-3","CA","California"
61666,2153,"2020-5","CA","California"
46900,1544,"2021-5","CA","California"
290963,1615,"2020-11","CA","California"
105003,1071,"2021-11","CA","California"
111380,1948,"2020-10","CA","California"
172876,2849,"2021-10","CA","California"
106540,2900,"2020-9","CA","California"
291469,3383,"2021-9","CA","California"
12900,708,"2020-4","CO","Colorado"
48533,188,"2021-4","CO","Colorado"
10638,107,"2020-8","CO","Colorado"
40653,194,"2021-8","CO","Colorado"
100744,1777,"2020-12","CO","Colorado"
0,0,"2020-2","CO","Colorado"
31561,357,"2021-2","CO","Colorado"
0,0,"2020-1","CO","Colorado"
59309,780,"2021-1","CO","Colorado"
14610,148,"2020-7","CO","Colorado"
16893,154,"2021-7","CO","Colorado"
6416,245,"2020-6","CO","Colorado"
11133,214,"2021-6","CO","Colorado"
2937,69,"2020-3","CO","Colorado"
32085,156,"2021-3","CO","Colorado"
10924,668,"2020-5","CO","Colorado"
30505,285,"2021-5","CO","Colorado"
135529,752,"2020-11","CO","Colorado"
51707,571,"2021-11","CO","Colorado"
38758,234,"2020-10","CO","Colorado"
68364,643,"2021-10","CO","Colorado"
13742,106,"2020-9","CO","Colorado"
50798,401,"2021-9","CO","Colorado"
24572,2188,"2020-4","CT","Connecticut"
28345,211,"2021-4","CT","Connecticut"
3069,33,"2020-8","CT","Connecticut"
18171,65,"2021-8","CT","Connecticut"
68413,975,"2020-12","CT","Connecticut"
0,0,"2020-2","CT","Connecticut"
29923,576,"2021-2","CT","Connecticut"
0,0,"2020-1","CT","Connecticut"
64315,1051,"2021-1","CT","Connecticut"
3296,110,"2020-7","CT","Connecticut"
5397,15,"2021-7","CT","Connecticut"
4313,378,"2020-6","CT","Connecticut"
1846,40,"2021-6","CT","Connecticut"
3128,69,"2020-3","CT","Connecticut"
30942,264,"2021-3","CT","Connecticut"
14501,1687,"2020-5","CT","Connecticut"
8273,141,"2021-5","CT","Connecticut"
46088,404,"2020-11","CT","Connecticut"
7890,62,"2021-11","CT","Connecticut"
13657,108,"2020-10","CT","Connecticut"
12238,135,"2021-10","CT","Connecticut"
4671,43,"2020-9","CT","Connecticut"
17273,271,"2021-9","CT","Connecticut"
3828,215,"2020-4","MD",NA
3184,41,"2021-4","MD",NA
1866,22,"2020-8","MD",NA
4708,11,"2021-8","MD",NA
7431,106,"2020-12","MD",NA
0,0,"2020-2","MD",NA
3726,104,"2021-2","MD",NA
0,0,"2020-1","MD",NA
7889,127,"2021-1","MD",NA
1799,34,"2020-7","MD",NA
1147,8,"2021-7","MD",NA
1526,85,"2020-6","MD",NA
382,9,"2021-6","MD",NA
495,9,"2020-3","MD",NA
3915,47,"2021-3","MD",NA
4478,242,"2020-5","MD",NA
1234,27,"2021-5","MD",NA
4286,34,"2020-11","MD",NA
1467,5,"2021-11","MD",NA
1940,19,"2020-10","MD",NA
3087,16,"2021-10","MD",NA
1334,20,"2020-9","MD",NA
5347,14,"2021-9","MD",NA
4632,142,"2020-4","DE","Delaware"
9353,66,"2021-4","DE","Delaware"
2439,20,"2020-8","DE","Delaware"
8445,47,"2021-8","DE","Delaware"
22329,153,"2020-12","DE","Delaware"
0,0,"2020-2","DE","Delaware"
8888,332,"2021-2","DE","Delaware"
0,0,"2020-1","DE","Delaware"
20976,160,"2021-1","DE","Delaware"
3598,76,"2020-7","DE","Delaware"
1663,9,"2021-7","DE","Delaware"
1977,140,"2020-6","DE","Delaware"
868,25,"2021-6","DE","Delaware"
414,10,"2020-3","DE","Delaware"
7193,137,"2021-3","DE","Delaware"
4705,217,"2020-5","DE","Delaware"
3619,36,"2021-5","DE","Delaware"
11232,67,"2020-11","DE","Delaware"
4095,52,"2021-11","DE","Delaware"
4380,74,"2020-10","DE","Delaware"
11235,137,"2021-10","DE","Delaware"
3141,31,"2020-9","DE","Delaware"
13111,74,"2021-9","DE","Delaware"
26982,1301,"2020-4","FL","Florida"
170873,1579,"2021-4","FL","Florida"
148790,5185,"2020-8","FL","Florida"
639642,9846,"2021-8","FL","Florida"
328608,3488,"2020-12","FL","Florida"
0,0,"2020-2","FL","Florida"
179441,3452,"2021-2","FL","Florida"
0,0,"2020-1","FL","Florida"
374382,5473,"2021-1","FL","Florida"
315375,5239,"2020-7","FL","Florida"
291260,2071,"2021-7","FL","Florida"
101033,1158,"2020-6","FL","Florida"
52526,899,"2021-6","FL","Florida"
6515,177,"2020-3","FL","Florida"
151481,1946,"2021-3","FL","Florida"
21688,1204,"2020-5","FL","Florida"
87130,1426,"2021-5","FL","Florida"
193287,1955,"2020-11","FL","Florida"
25191,172,"2021-11","FL","Florida"
98404,1572,"2020-10","FL","Florida"
77115,2490,"2021-10","FL","Florida"
77639,2271,"2020-9","FL","Florida"
307219,7942,"2021-9","FL","Florida"
0,0,"2020-4","FSM",NA
0,0,"2021-4","FSM",NA
0,0,"2020-8","FSM",NA
0,0,"2021-8","FSM",NA
0,0,"2020-12","FSM",NA
0,0,"2020-2","FSM",NA
0,0,"2021-2","FSM",NA
0,0,"2020-1","FSM",NA
1,0,"2021-1","FSM",NA
0,0,"2020-7","FSM",NA
2,0,"2021-7","FSM",NA
0,0,"2020-6","FSM",NA
0,0,"2021-6","FSM",NA
0,0,"2020-3","FSM",NA
0,0,"2021-3","FSM",NA
0,0,"2020-5","FSM",NA
0,0,"2021-5","FSM",NA
0,0,"2020-11","FSM",NA
0,0,"2021-11","FSM",NA
0,0,"2020-10","FSM",NA
0,0,"2021-10","FSM",NA
0,0,"2020-9","FSM",NA
0,0,"2021-9","FSM",NA
21005,981,"2020-4","GA","Georgia"
40639,1135,"2021-4","GA","Georgia"
90035,1881,"2020-8","GA","Georgia"
220304,1057,"2021-8","GA","Georgia"
194889,1482,"2020-12","GA","Georgia"
2,0,"2020-2","GA","Georgia"
97076,3097,"2021-2","GA","Georgia"
0,0,"2020-1","GA","Georgia"
242993,3264,"2021-1","GA","Georgia"
109057,947,"2020-7","GA","Georgia"
48705,260,"2021-7","GA","Georgia"
36065,753,"2020-6","GA","Georgia"
10732,586,"2021-6","GA","Georgia"
4234,130,"2020-3","GA","Georgia"
53027,1760,"2021-3","GA","Georgia"
20371,941,"2020-5","GA","Georgia"
23654,647,"2021-5","GA","Georgia"
82570,1007,"2020-11","GA","Georgia"
16663,836,"2021-11","GA","Georgia"
53276,958,"2020-10","GA","Georgia"
55377,2981,"2021-10","GA","Georgia"
54948,1388,"2020-9","GA","Georgia"
175134,3344,"2021-9","GA","Georgia"
75,3,"2020-4","GU",NA
165,2,"2021-4","GU",NA
1091,8,"2020-8","GU",NA
2185,5,"2021-8","GU",NA
419,9,"2020-12","GU",NA
0,0,"2020-2","GU",NA
126,1,"2021-2","GU",NA
0,0,"2020-1","GU",NA
300,8,"2021-1","GU",NA
89,0,"2020-7","GU",NA
189,3,"2021-7","GU",NA
92,0,"2020-6","GU",NA
193,1,"2021-6","GU",NA
71,2,"2020-3","GU",NA
76,4,"2021-3","GU",NA
29,0,"2020-5","GU",NA
198,3,"2021-5","GU",NA
2261,33,"2020-11","GU",NA
729,18,"2021-11","GU",NA
2140,30,"2020-10","GU",NA
3118,44,"2021-10","GU",NA
1041,36,"2020-9","GU",NA
4428,47,"2021-9","GU",NA
324,15,"2020-4","HI","Hawaii"
2915,20,"2021-4","HI","Hawaii"
6450,44,"2020-8","HI","Hawaii"
20710,52,"2021-8","HI","Hawaii"
3318,44,"2020-12","HI","Hawaii"
0,0,"2020-2","HI","Hawaii"
1687,29,"2021-2","HI","Hawaii"
0,0,"2020-1","HI","Hawaii"
4176,121,"2021-1","HI","Hawaii"
1264,8,"2020-7","HI","Hawaii"
4252,20,"2021-7","HI","Hawaii"
264,1,"2020-6","HI","Hawaii"
1356,17,"2021-6","HI","Hawaii"
283,1,"2020-3","HI","Hawaii"
2306,24,"2021-3","HI","Hawaii"
37,1,"2020-5","HI","Hawaii"
2341,17,"2021-5","HI","Hawaii"
2713,24,"2020-11","HI","Hawaii"
1551,59,"2021-11","HI","Hawaii"
2515,82,"2020-10","HI","Hawaii"
4802,131,"2021-10","HI","Hawaii"
3858,66,"2020-9","HI","Hawaii"
15431,191,"2021-9","HI","Hawaii"
6648,155,"2020-4","IA","Iowa"
13843,207,"2021-4","IA","Iowa"
20241,249,"2020-8","IA","Iowa"
26334,85,"2021-8","IA","Iowa"
51221,1488,"2020-12","IA","Iowa"
0,0,"2020-2","IA","Iowa"
17082,570,"2021-2","IA","Iowa"
0,0,"2020-1","IA","Iowa"
38578,1010,"2021-1","IA","Iowa"
15635,153,"2020-7","IA","Iowa"
6373,45,"2021-7","IA","Iowa"
9395,180,"2020-6","IA","Iowa"
2437,83,"2021-6","IA","Iowa"
497,7,"2020-3","IA","Iowa"
14670,272,"2021-3","IA","Iowa"
12407,372,"2020-5","IA","Iowa"
6582,105,"2021-5","IA","Iowa"
101482,687,"2020-11","IA","Iowa"
22381,303,"2021-11","IA","Iowa"
39136,370,"2020-10","IA","Iowa"
32314,402,"2021-10","IA","Iowa"
24007,230,"2020-9","IA","Iowa"
47250,295,"2021-9","IA","Iowa"
1490,54,"2020-4","ID","Idaho"
7120,84,"2021-4","ID","Idaho"
11367,172,"2020-8","ID","Idaho"
20616,164,"2021-8","ID","Idaho"
39379,507,"2020-12","ID","Idaho"
0,0,"2020-2","ID","Idaho"
8457,135,"2021-2","ID","Idaho"
0,0,"2020-1","ID","Idaho"
21606,289,"2021-1","ID","Idaho"
14604,97,"2020-7","ID","Idaho"
5775,47,"2021-7","ID","Idaho"
3278,10,"2020-6","ID","Idaho"
2920,62,"2021-6","ID","Idaho"
525,9,"2020-3","ID","Idaho"
9396,102,"2021-3","ID","Idaho"
824,19,"2020-5","ID","Idaho"
4422,44,"2021-5","ID","Idaho"
37090,300,"2020-11","ID","Idaho"
9875,247,"2021-11","ID","Idaho"
22560,160,"2020-10","ID","Idaho"
33994,631,"2021-10","ID","Idaho"
9960,108,"2020-9","ID","Idaho"
35933,544,"2021-9","ID","Idaho"
46924,2256,"2020-4","IL","Illinois"
90470,712,"2021-4","IL","Illinois"
56607,543,"2020-8","IL","Illinois"
101462,580,"2021-8","IL","Illinois"
237085,4993,"2020-12","IL","Illinois"
0,0,"2020-2","IL","Illinois"
60395,1482,"2021-2","IL","Illinois"
2,0,"2020-1","IL","Illinois"
162912,3275,"2021-1","IL","Illinois"
35880,568,"2020-7","IL","Illinois"
29741,246,"2021-7","IL","Illinois"
23978,1734,"2020-6","IL","Illinois"
9553,451,"2021-6","IL","Illinois"
5992,99,"2020-3","IL","Illinois"
57889,844,"2021-3","IL","Illinois"
67342,3035,"2020-5","IL","Illinois"
47131,932,"2021-5","IL","Illinois"
309745,2945,"2020-11","IL","Illinois"
51989,434,"2021-11","IL","Illinois"
120796,1124,"2020-10","IL","Illinois"
68016,955,"2021-10","IL","Illinois"
59038,681,"2020-9","IL","Illinois"
104566,1165,"2021-9","IL","Illinois"
15676,1055,"2020-4","IN","Indiana"
32488,293,"2021-4","IN","Indiana"
28042,332,"2020-8","IN","Indiana"
86335,480,"2021-8","IN","Indiana"
172712,2534,"2020-12","IN","Indiana"
0,0,"2020-2","IN","Indiana"
35331,1489,"2021-2","IN","Indiana"
0,0,"2020-1","IN","Indiana"
115569,2813,"2021-1","IN","Indiana"
20560,320,"2020-7","IN","Indiana"
18304,164,"2021-7","IN","Indiana"
11020,505,"2020-6","IN","Indiana"
9779,239,"2021-6","IN","Indiana"
2159,50,"2020-3","IN","Indiana"
25339,474,"2021-3","IN","Indiana"
16739,1016,"2020-5","IN","Indiana"
23723,296,"2021-5","IN","Indiana"
159628,1386,"2020-11","IN","Indiana"
39741,418,"2021-11","IN","Indiana"
59339,693,"2020-10","IN","Indiana"
55830,1080,"2021-10","IN","Indiana"
25823,345,"2020-9","IN","Indiana"
104242,1165,"2021-9","IN","Indiana"
3810,120,"2020-4","KS","Kansas"
6758,69,"2021-4","KS","Kansas"
14800,88,"2020-8","KS","Kansas"
37573,299,"2021-8","KS","Kansas"
64987,1181,"2020-12","KS","Kansas"
0,0,"2020-2","KS","Kansas"
18978,956,"2021-2","KS","Kansas"
0,0,"2020-1","KS","Kansas"
52252,1038,"2021-1","KS","Kansas"
13369,88,"2020-7","KS","Kansas"
15394,102,"2021-7","KS","Kansas"
4724,62,"2020-6","KS","Kansas"
3794,80,"2021-6","KS","Kansas"
428,9,"2020-3","KS","Kansas"
8709,178,"2021-3","KS","Kansas"
5481,79,"2020-5","KS","Kansas"
5182,94,"2021-5","KS","Kansas"
72265,531,"2020-11","KS","Kansas"
15167,199,"2021-11","KS","Kansas"
25432,351,"2020-10","KS","Kansas"
24528,364,"2021-10","KS","Kansas"
17137,232,"2020-9","KS","Kansas"
39045,494,"2021-9","KS","Kansas"
4024,239,"2020-4","KY","Kentucky"
16341,154,"2021-4","KY","Kentucky"
20202,301,"2020-8","KY","Kentucky"
100489,675,"2021-8","KY","Kentucky"
89248,1700,"2020-12","KY","Kentucky"
0,0,"2020-2","KY","Kentucky"
40218,618,"2021-2","KY","Kentucky"
0,0,"2020-1","KY","Kentucky"
95182,1322,"2021-1","KY","Kentucky"
16988,212,"2020-7","KY","Kentucky"
20408,126,"2021-7","KY","Kentucky"
6473,174,"2020-6","KY","Kentucky"
5534,119,"2021-6","KY","Kentucky"
711,22,"2020-3","KY","Kentucky"
19255,226,"2021-3","KY","Kentucky"
5598,242,"2020-5","KY","Kentucky"
11881,157,"2021-5","KY","Kentucky"
75948,1044,"2020-11","KY","Kentucky"
18322,277,"2021-11","KY","Kentucky"
36226,532,"2020-10","KY","Kentucky"
46253,612,"2021-10","KY","Kentucky"
20759,313,"2020-9","KY","Kentucky"
114446,1253,"2021-9","KY","Kentucky"
22807,1666,"2020-4","LA","Louisiana"
13648,241,"2021-4","LA","Louisiana"
32614,1001,"2020-8","LA","Louisiana"
144319,1527,"2021-8","LA","Louisiana"
82861,1068,"2020-12","LA","Louisiana"
0,0,"2020-2","LA","Louisiana"
29474,749,"2021-2","LA","Louisiana"
0,0,"2020-1","LA","Louisiana"
85351,1371,"2021-1","LA","Louisiana"
58185,728,"2020-7","LA","Louisiana"
63914,270,"2021-7","LA","Louisiana"
18179,430,"2020-6","LA","Louisiana"
9586,162,"2021-6","LA","Louisiana"
5237,239,"2020-3","LA","Louisiana"
14833,533,"2021-3","LA","Louisiana"
11872,886,"2020-5","LA","Louisiana"
12836,194,"2021-5","LA","Louisiana"
45765,501,"2020-11","LA","Louisiana"
7295,161,"2021-11","LA","Louisiana"
19191,408,"2020-10","LA","Louisiana"
17938,598,"2021-10","LA","Louisiana"
18564,561,"2020-9","LA","Louisiana"
50833,1414,"2021-9","LA","Louisiana"
55585,3970,"2020-4","MA","Massachusetts"
53393,367,"2021-4","MA","Massachusetts"
8997,442,"2020-8","MA","Massachusetts"
39388,164,"2021-8","MA","Massachusetts"
149046,1765,"2020-12","MA","Massachusetts"
1,0,"2020-2","MA","Massachusetts"
57123,1387,"2021-2","MA","Massachusetts"
0,0,"2020-1","MA","Massachusetts"
148847,2219,"2021-1","MA","Massachusetts"
6086,500,"2020-7","MA","Massachusetts"
10515,88,"2021-7","MA","Massachusetts"
6736,887,"2020-6","MA","Massachusetts"
2929,122,"2021-6","MA","Massachusetts"
6619,155,"2020-3","MA","Massachusetts"
54432,1024,"2021-3","MA","Massachusetts"
34760,3114,"2020-5","MA","Massachusetts"
18064,262,"2021-5","MA","Massachusetts"
67556,820,"2020-11","MA","Massachusetts"
29388,218,"2021-11","MA","Massachusetts"
26460,542,"2020-10","MA","Massachusetts"
39971,369,"2021-10","MA","Massachusetts"
11627,418,"2020-9","MA","Massachusetts"
52082,381,"2021-9","MA","Massachusetts"
21812,1204,"2020-4","MD","Maryland"
35412,487,"2021-4","MD","Maryland"
19498,266,"2020-8","MD","Maryland"
29555,198,"2021-8","MD","Maryland"
79084,1404,"2020-12","MD","Maryland"
0,0,"2020-2","MD","Maryland"
27066,770,"2021-2","MD","Maryland"
0,0,"2020-1","MD","Maryland"
75417,1315,"2021-1","MD","Maryland"
21447,298,"2020-7","MD","Maryland"
6467,82,"2021-7","MD","Maryland"
14591,632,"2020-6","MD","Maryland"
2410,130,"2021-6","MD","Maryland"
1660,44,"2020-3","MD","Maryland"
30226,457,"2021-3","MD","Maryland"
29855,1436,"2020-5","MD","Maryland"
11604,300,"2021-5","MD","Maryland"
54990,591,"2020-11","MD","Maryland"
12565,191,"2021-11","MD","Maryland"
20635,226,"2020-10","MD","Maryland"
27400,435,"2021-10","MD","Maryland"
16647,184,"2020-9","MD","Maryland"
35494,436,"2021-9","MD","Maryland"
820,50,"2020-4","ME","Maine"
10742,41,"2021-4","ME","Maine"
611,9,"2020-8","ME","Maine"
5826,34,"2021-8","ME","Maine"
12225,133,"2020-12","ME","Maine"
0,0,"2020-2","ME","Maine"
5221,108,"2021-2","ME","Maine"
0,0,"2020-1","ME","Maine"
15341,248,"2021-1","ME","Maine"
643,18,"2020-7","ME","Maine"
1409,41,"2021-7","ME","Maine"
945,16,"2020-6","ME","Maine"
1235,34,"2021-6","ME","Maine"
303,5,"2020-3","ME","Maine"
6025,40,"2021-3","ME","Maine"
1226,34,"2020-5","ME","Maine"
6289,41,"2021-5","ME","Maine"
5308,67,"2020-11","ME","Maine"
7831,76,"2021-11","ME","Maine"
1237,5,"2020-10","ME","Maine"
13532,143,"2021-10","ME","Maine"
883,10,"2020-9","ME","Maine"
14438,90,"2021-9","ME","Maine"
34532,3944,"2020-4","MI","Michigan"
157899,1862,"2021-4","MI","Michigan"
39178,290,"2020-8","MI","Michigan"
46562,231,"2021-8","MI","Michigan"
107516,3642,"2020-12","MI","Michigan"
0,0,"2020-2","MI","Michigan"
34918,820,"2021-2","MI","Michigan"
0,0,"2020-1","MI","Michigan"
63934,2008,"2021-1","MI","Michigan"
41363,236,"2020-7","MI","Michigan"
13080,160,"2021-7","MI","Michigan"
27082,377,"2020-6","MI","Michigan"
6259,438,"2021-6","MI","Michigan"
19903,558,"2020-3","MI","Michigan"
110358,661,"2021-3","MI","Michigan"
43686,1430,"2020-5","MI","Michigan"
39926,1440,"2021-5","MI","Michigan"
173167,2377,"2020-11","MI","Michigan"
103492,455,"2021-11","MI","Michigan"
66505,672,"2020-10","MI","Michigan"
120455,694,"2021-10","MI","Michigan"
36796,290,"2020-9","MI","Michigan"
91984,392,"2021-9","MI","Michigan"
4447,326,"2020-4","MN","Minnesota"
56283,311,"2021-4","MN","Minnesota"
20676,220,"2020-8","MN","Minnesota"
37056,136,"2021-8","MN","Minnesota"
96539,1730,"2020-12","MN","Minnesota"
0,0,"2020-2","MN","Minnesota"
22787,283,"2021-2","MN","Minnesota"
0,0,"2020-1","MN","Minnesota"
46505,886,"2021-1","MN","Minnesota"
18472,164,"2020-7","MN","Minnesota"
7543,76,"2021-7","MN","Minnesota"
11508,422,"2020-6","MN","Minnesota"
3915,168,"2021-6","MN","Minnesota"
689,17,"2020-3","MN","Minnesota"
34044,237,"2021-3","MN","Minnesota"
20072,717,"2020-5","MN","Minnesota"
25638,282,"2021-5","MN","Minnesota"
170291,1141,"2020-11","MN","Minnesota"
62287,378,"2021-11","MN","Minnesota"
49338,422,"2020-10","MN","Minnesota"
76456,537,"2021-10","MN","Minnesota"
23270,223,"2020-9","MN","Minnesota"
61130,296,"2021-9","MN","Minnesota"
6142,446,"2020-4","MO","Missouri"
17582,155,"2021-4","MO","Missouri"
35304,486,"2020-8","MO","Missouri"
79045,955,"2021-8","MO","Missouri"
111450,1752,"2020-12","MO","Missouri"
0,0,"2020-2","MO","Missouri"
24690,463,"2021-2","MO","Missouri"
0,0,"2020-1","MO","Missouri"
76800,1249,"2021-1","MO","Missouri"
30375,286,"2020-7","MO","Missouri"
61493,352,"2021-7","MO","Missouri"
11267,213,"2020-6","MO","Missouri"
20308,235,"2021-6","MO","Missouri"
2558,32,"2020-3","MO","Missouri"
17032,236,"2021-3","MO","Missouri"
5393,418,"2020-5","MO","Missouri"
14044,121,"2021-5","MO","Missouri"
135242,1599,"2020-11","MO","Missouri"
20686,368,"2021-11","MO","Missouri"
65625,980,"2020-10","MO","Missouri"
33639,540,"2021-10","MO","Missouri"
46213,644,"2020-9","MO","Missouri"
61059,893,"2021-9","MO","Missouri"
12,2,"2020-4","MP",NA
5,0,"2021-4","MP",NA
14,0,"2020-8","MP",NA
53,0,"2021-8","MP",NA
17,0,"2020-12","MP",NA
0,0,"2020-2","MP",NA
11,0,"2021-2","MP",NA
0,0,"2020-1","MP",NA
10,0,"2021-1","MP",NA
12,0,"2020-7","MP",NA
7,0,"2021-7","MP",NA
8,0,"2020-6","MP",NA
0,0,"2021-6","MP",NA
2,0,"2020-3","MP",NA
16,0,"2021-3","MP",NA
8,0,"2020-5","MP",NA
19,0,"2021-5","MP",NA
13,0,"2020-11","MP",NA
83,0,"2021-11","MP",NA
22,0,"2020-10","MP",NA
42,1,"2021-10","MP",NA
14,0,"2020-9","MP",NA
27,0,"2021-9","MP",NA
6218,427,"2020-4","MS","Mississippi"
6746,115,"2021-4","MS","Mississippi"
21714,608,"2020-8","MS","Mississippi"
92830,464,"2021-8","MS","Mississippi"
63076,1241,"2020-12","MS","Mississippi"
0,0,"2020-2","MS","Mississippi"
18619,329,"2021-2","MS","Mississippi"
0,0,"2020-1","MS","Mississippi"
55973,1048,"2021-1","MS","Mississippi"
31944,852,"2020-7","MS","Mississippi"
24532,278,"2021-7","MS","Mississippi"
15389,391,"2020-6","MS","Mississippi"
4189,70,"2021-6","MS","Mississippi"
2242,153,"2020-3","MS","Mississippi"
9712,178,"2021-3","MS","Mississippi"
8987,440,"2020-5","MS","Mississippi"
5132,100,"2021-5","MS","Mississippi"
36049,719,"2020-11","MS","Mississippi"
5399,83,"2021-11","MS","Mississippi"
21304,436,"2020-10","MS","Mississippi"
15102,188,"2021-10","MS","Mississippi"
15005,379,"2020-9","MS","Mississippi"
49555,599,"2021-9","MS","Mississippi"
250,11,"2020-4","MT","Montana"
4193,108,"2021-4","MT","Montana"
3528,45,"2020-8","MT","Montana"
10773,95,"2021-8","MT","Montana"
19357,280,"2020-12","MT","Montana"
0,0,"2020-2","MT","Montana"
6005,124,"2021-2","MT","Montana"
0,0,"2020-1","MT","Montana"
12394,272,"2021-1","MT","Montana"
2947,38,"2020-7","MT","Montana"
2699,40,"2021-7","MT","Montana"
503,5,"2020-6","MT","Montana"
1926,52,"2021-6","MT","Montana"
203,5,"2020-3","MT","Montana"
4598,80,"2021-3","MT","Montana"
62,1,"2020-5","MT","Montana"
3012,42,"2021-5","MT","Montana"
29397,306,"2020-11","MT","Montana"
10360,167,"2021-11","MT","Montana"
19408,194,"2020-10","MT","Montana"
24814,337,"2021-10","MT","Montana"
5900,76,"2020-9","MT","Montana"
23806,209,"2021-9","MT","Montana"
9177,420,"2020-4","NC","North Carolina"
53852,331,"2021-4","NC","North Carolina"
44929,881,"2020-8","NC","North Carolina"
173926,1102,"2021-8","NC","North Carolina"
199152,2047,"2020-12","NC","North Carolina"
0,0,"2020-2","NC","North Carolina"
82769,1331,"2021-2","NC","North Carolina"
0,0,"2020-1","NC","North Carolina"
208314,3018,"2021-1","NC","North Carolina"
56603,653,"2020-7","NC","North Carolina"
47379,208,"2021-7","NC","North Carolina"
41125,460,"2020-6","NC","North Carolina"
12213,166,"2021-6","NC","North Carolina"
2314,13,"2020-3","NC","North Carolina"
51667,452,"2021-3","NC","North Carolina"
19151,553,"2020-5","NC","North Carolina"
29807,345,"2021-5","NC","North Carolina"
94592,1119,"2020-11","NC","North Carolina"
30401,412,"2021-11","NC","North Carolina"
65059,900,"2020-10","NC","North Carolina"
82260,1526,"2021-10","NC","North Carolina"
41311,852,"2020-9","NC","North Carolina"
161914,1673,"2021-9","NC","North Carolina"
941,16,"2020-4","ND","North Dakota"
4340,28,"2021-4","ND","North Dakota"
5398,42,"2020-8","ND","North Dakota"
6297,22,"2021-8","ND","North Dakota"
13115,355,"2020-12","ND","North Dakota"
0,0,"2020-2","ND","North Dakota"
2169,23,"2021-2","ND","North Dakota"
0,0,"2020-1","ND","North Dakota"
4913,113,"2021-1","ND","North Dakota"
3026,24,"2020-7","ND","North Dakota"
940,11,"2021-7","ND","North Dakota"
999,18,"2020-6","ND","North Dakota"
756,16,"2021-6","ND","North Dakota"
126,3,"2020-3","ND","North Dakota"
3447,21,"2021-3","ND","North Dakota"
1510,42,"2020-5","ND","North Dakota"
2323,18,"2021-5","ND","North Dakota"
34612,423,"2020-11","ND","North Dakota"
8346,69,"2021-11","ND","North Dakota"
22825,275,"2020-10","ND","North Dakota"
15586,151,"2021-10","ND","North Dakota"
10218,111,"2020-9","ND","North Dakota"
14853,50,"2021-9","ND","North Dakota"
4281,67,"2020-4","NE","Nebraska"
9251,65,"2021-4","NE","Nebraska"
8196,84,"2020-8","NE","Nebraska"
16171,42,"2021-8","NE","Nebraska"
39891,633,"2020-12","NE","Nebraska"
0,0,"2020-2","NE","Nebraska"
9801,161,"2021-2","NE","Nebraska"
0,0,"2020-1","NE","Nebraska"
24421,270,"2021-1","NE","Nebraska"
7035,39,"2020-7","NE","Nebraska"
4203,20,"2021-7","NE","Nebraska"
5065,104,"2020-6","NE","Nebraska"
1170,11,"2021-6","NE","Nebraska"
180,3,"2020-3","NE","Nebraska"
9560,98,"2021-3","NE","Nebraska"
9605,100,"2020-5","NE","Nebraska"
3255,4,"2021-5","NE","Nebraska"
55761,366,"2020-11","NE","Nebraska"
14383,110,"2021-11","NE","Nebraska"
25957,174,"2020-10","NE","Nebraska"
17687,135,"2021-10","NE","Nebraska"
11262,81,"2020-9","NE","Nebraska"
22014,123,"2021-9","NE","Nebraska"
1779,69,"2020-4","NH","New Hampshire"
10710,65,"2021-4","NH","New Hampshire"
692,17,"2020-8","NH","New Hampshire"
6923,30,"2021-8","NH","New Hampshire"
23034,232,"2020-12","NH","New Hampshire"
0,0,"2020-2","NH","New Hampshire"
9729,113,"2021-2","NH","New Hampshire"
0,0,"2020-1","NH","New Hampshire"
21667,299,"2021-1","NH","New Hampshire"
801,44,"2020-7","NH","New Hampshire"
1262,15,"2021-7","NH","New Hampshire"
1131,126,"2020-6","NH","New Hampshire"
758,19,"2021-6","NH","New Hampshire"
367,3,"2020-3","NH","New Hampshire"
8752,68,"2021-3","NH","New Hampshire"
2505,173,"2020-5","NH","New Hampshire"
3860,50,"2021-5","NH","New Hampshire"
9910,43,"2020-11","NH","New Hampshire"
13135,74,"2021-11","NH","New Hampshire"
2818,44,"2020-10","NH","New Hampshire"
14249,84,"2021-10","NH","New Hampshire"
991,7,"2020-9","NH","New Hampshire"
12579,64,"2021-9","NH","New Hampshire"
99957,6961,"2020-4","NJ","New Jersey"
97412,993,"2021-4","NJ","New Jersey"
11506,126,"2020-8","NJ","New Jersey"
52613,280,"2021-8","NJ","New Jersey"
160001,2049,"2020-12","NJ","New Jersey"
0,0,"2020-2","NJ","New Jersey"
92527,1768,"2021-2","NJ","New Jersey"
0,0,"2020-1","NJ","New Jersey"
169045,2442,"2021-1","NJ","New Jersey"
11286,784,"2020-7","NJ","New Jersey"
15958,145,"2021-7","NJ","New Jersey"
11871,1513,"2020-6","NJ","New Jersey"
7063,245,"2021-6","NJ","New Jersey"
18696,267,"2020-3","NJ","New Jersey"
119460,1309,"2021-3","NJ","New Jersey"
42154,4470,"2020-5","NJ","New Jersey"
19109,658,"2021-5","NJ","New Jersey"
117852,643,"2020-11","NJ","New Jersey"
22590,228,"2021-11","NJ","New Jersey"
39343,228,"2020-10","NJ","New Jersey"
44347,545,"2021-10","NJ","New Jersey"
15118,177,"2020-9","NJ","New Jersey"
62604,545,"2021-9","NJ","New Jersey"
3096,118,"2020-4","NM","New Mexico"
6081,130,"2021-4","NM","New Mexico"
4752,125,"2020-8","NM","New Mexico"
21840,110,"2021-8","NM","New Mexico"
45769,888,"2020-12","NM","New Mexico"
0,0,"2020-2","NM","New Mexico"
11068,422,"2021-2","NM","New Mexico"
0,0,"2020-1","NM","New Mexico"
31200,794,"2021-1","NM","New Mexico"
8453,135,"2020-7","NM","New Mexico"
5232,70,"2021-7","NM","New Mexico"
4458,133,"2020-6","NM","New Mexico"
2394,78,"2021-6","NM","New Mexico"
315,5,"2020-3","NM","New Mexico"
6520,224,"2021-3","NM","New Mexico"
4278,223,"2020-5","NM","New Mexico"
5415,87,"2021-5","NM","New Mexico"
50605,535,"2020-11","NM","New Mexico"
21581,154,"2021-11","NM","New Mexico"
17055,135,"2020-10","NM","New Mexico"
22185,249,"2021-10","NM","New Mexico"
4083,88,"2020-9","NM","New Mexico"
20410,283,"2021-9","NM","New Mexico"
3894,226,"2020-4","NV","Nevada"
11676,215,"2021-4","NV","Nevada"
21172,478,"2020-8","NV","Nevada"
33356,596,"2021-8","NV","Nevada"
72562,981,"2020-12","NV","Nevada"
0,0,"2020-2","NV","Nevada"
15446,687,"2021-2","NV","Nevada"
0,0,"2020-1","NV","Nevada"
53577,1145,"2021-1","NV","Nevada"
29628,327,"2020-7","NV","Nevada"
23532,233,"2021-7","NV","Nevada"
10074,91,"2020-6","NV","Nevada"
9580,95,"2021-6","NV","Nevada"
1113,26,"2020-3","NV","Nevada"
10008,292,"2021-3","NV","Nevada"
3603,186,"2020-5","NV","Nevada"
8694,122,"2021-5","NV","Nevada"
51406,367,"2020-11","NV","Nevada"
13213,241,"2021-11","NV","Nevada"
20678,135,"2020-10","NV","Nevada"
18313,481,"2021-10","NV","Nevada"
10601,308,"2020-9","NV","Nevada"
30719,640,"2021-9","NV","Nevada"
104238,5134,"2020-4","NY","New York"
92985,625,"2021-4","NY","New York"
10653,111,"2020-8","NY","New York"
70452,305,"2021-8","NY","New York"
120300,16734,"2020-4","NY",NA
77525,1320,"2021-4","NY",NA
8168,142,"2020-8","NY",NA
57974,315,"2021-8","NY",NA
119963,1028,"2020-12","NY",NA
0,0,"2020-2","NY",NA
113681,2214,"2021-2","NY",NA
0,0,"2020-1","NY",NA
175380,2131,"2021-1","NY",NA
10719,309,"2020-7","NY",NA
21343,117,"2021-7","NY",NA
10966,823,"2020-6","NY",NA
6357,178,"2021-6","NY",NA
53869,1744,"2020-3","NY",NA
120593,1871,"2021-3","NY",NA
32688,3653,"2020-5","NY",NA
19860,647,"2021-5","NY",NA
54418,329,"2020-11","NY",NA
18597,149,"2021-11","NY",NA
20792,174,"2020-10","NY",NA
35699,285,"2021-10","NY",NA
10589,125,"2020-9","NY",NA
50711,429,"2021-9","NY",NA
212153,2564,"2020-12","NY","New York"
0,0,"2020-2","NY","New York"
107667,1783,"2021-2","NY","New York"
0,0,"2020-1","NY","New York"
263125,3654,"2021-1","NY","New York"
11591,161,"2020-7","NY","New York"
15309,55,"2021-7","NY","New York"
10808,550,"2020-6","NY","New York"
6255,150,"2021-6","NY","New York"
32656,211,"2020-3","NY","New York"
107227,781,"2021-3","NY","New York"
30573,2785,"2020-5","NY","New York"
32062,371,"2021-5","NY","New York"
91730,739,"2020-11","NY","New York"
60010,408,"2021-11","NY","New York"
29663,222,"2020-10","NY","New York"
97641,792,"2021-10","NY","New York"
14089,89,"2020-9","NY","New York"
97576,678,"2021-9","NY","New York"
15828,920,"2020-4","OH","Ohio"
54746,673,"2021-4","OH","Ohio"
31998,649,"2020-8","OH","Ohio"
91623,374,"2021-8","OH","Ohio"
279317,2533,"2020-12","OH","Ohio"
0,0,"2020-2","OH","Ohio"
71630,2359,"2021-2","OH","Ohio"
0,0,"2020-1","OH","Ohio"
195412,2213,"2021-1","OH","Ohio"
39370,626,"2020-7","OH","Ohio"
17711,183,"2021-7","OH","Ohio"
16276,708,"2020-6","OH","Ohio"
9080,448,"2021-6","OH","Ohio"
2199,55,"2020-3","OH","Ohio"
50144,1314,"2021-3","OH","Ohio"
17486,1180,"2020-5","OH","Ohio"
29932,577,"2021-5","OH","Ohio"
205366,1128,"2020-11","OH","Ohio"
68727,1286,"2021-11","OH","Ohio"
61710,497,"2020-10","OH","Ohio"
131355,2582,"2021-10","OH","Ohio"
30830,666,"2020-9","OH","Ohio"
193072,1079,"2021-9","OH","Ohio"
2789,209,"2020-4","OK","Oklahoma"
6789,106,"2021-4","OK","Oklahoma"
20734,361,"2020-8","OK","Oklahoma"
70129,541,"2021-8","OK","Oklahoma"
105592,1616,"2020-12","OK","Oklahoma"
28,0,"2020-2","OK","Oklahoma"
24269,671,"2021-2","OK","Oklahoma"
0,0,"2020-1","OK","Oklahoma"
83375,1678,"2021-1","OK","Oklahoma"
23629,229,"2020-7","OK","Oklahoma"
26187,122,"2021-7","OK","Oklahoma"
11587,74,"2020-6","OK","Oklahoma"
4938,77,"2021-6","OK","Oklahoma"
1627,31,"2020-3","OK","Oklahoma"
9213,237,"2021-3","OK","Oklahoma"
2983,124,"2020-5","OK","Oklahoma"
4072,60,"2021-5","OK","Oklahoma"
85987,1002,"2020-11","OK","Oklahoma"
11890,294,"2021-11","OK","Oklahoma"
39651,572,"2020-10","OK","Oklahoma"
29467,787,"2021-10","OK","Oklahoma"
30917,346,"2020-9","OK","Oklahoma"
60721,953,"2021-9","OK","Oklahoma"
1820,85,"2020-4","OR","Oregon"
19800,112,"2021-4","OR","Oregon"
8220,137,"2020-8","OR","Oregon"
55851,339,"2021-8","OR","Oregon"
38478,565,"2020-12","OR","Oregon"
1,0,"2020-2","OR","Oregon"
13181,251,"2021-2","OR","Oregon"
0,0,"2020-1","OR","Oregon"
28507,480,"2021-1","OR","Oregon"
9837,115,"2020-7","OR","Oregon"
11799,85,"2021-7","OR","Oregon"
4413,54,"2020-6","OR","Oregon"
7162,103,"2021-6","OR","Oregon"
689,18,"2020-3","OR","Oregon"
9415,175,"2021-3","OR","Oregon"
1733,50,"2020-5","OR","Oregon"
16663,176,"2021-5","OR","Oregon"
30510,223,"2020-11","OR","Oregon"
15813,483,"2021-11","OR","Oregon"
11412,130,"2020-10","OR","Oregon"
34999,581,"2021-10","OR","Oregon"
6796,100,"2020-9","OR","Oregon"
53767,593,"2021-9","OR","Oregon"
43175,2229,"2020-4","PA","Pennsylvania"
125866,1125,"2021-4","PA","Pennsylvania"
22644,469,"2020-8","PA","Pennsylvania"
69312,383,"2021-8","PA","Pennsylvania"
278875,5595,"2020-12","PA","Pennsylvania"
0,0,"2020-2","PA","Pennsylvania"
86864,2419,"2021-2","PA","Pennsylvania"
0,0,"2020-1","PA","Pennsylvania"
202380,5624,"2021-1","PA","Pennsylvania"
26017,517,"2020-7","PA","Pennsylvania"
13522,174,"2021-7","PA","Pennsylvania"
15114,1120,"2020-6","PA","Pennsylvania"
9420,464,"2021-6","PA","Pennsylvania"
4959,63,"2020-3","PA","Pennsylvania"
93719,1072,"2021-3","PA","Pennsylvania"
27806,3275,"2020-5","PA","Pennsylvania"
50716,996,"2021-5","PA","Pennsylvania"
154983,1571,"2020-11","PA","Pennsylvania"
72169,1029,"2021-11","PA","Pennsylvania"
49597,670,"2020-10","PA","Pennsylvania"
134999,2054,"2021-10","PA","Pennsylvania"
25399,469,"2020-9","PA","Pennsylvania"
129572,1165,"2021-9","PA","Pennsylvania"
713,83,"2020-4","PR",NA
24102,198,"2021-4","PR",NA
8355,209,"2020-8","PR",NA
24186,299,"2021-8","PR",NA
21801,453,"2020-12","PR",NA
0,0,"2020-2","PR",NA
6009,130,"2021-2","PR",NA
0,0,"2020-1","PR",NA
13095,261,"2021-1","PR",NA
6460,98,"2020-7","PR",NA
7397,29,"2021-7","PR",NA
559,16,"2020-6","PR",NA
1456,38,"2021-6","PR",NA
430,22,"2020-3","PR",NA
7684,67,"2021-3","PR",NA
316,38,"2020-5","PR",NA
5733,188,"2021-5","PR",NA
21262,339,"2020-11","PR",NA
1905,25,"2021-11","PR",NA
13076,175,"2020-10","PR",NA
3267,70,"2021-10","PR",NA
9068,242,"2020-9","PR",NA
9897,279,"2021-9","PR",NA
0,0,"2020-4","PW",NA
0,0,"2021-4","PW",NA
0,0,"2020-8","PW",NA
2,0,"2021-8","PW",NA
0,0,"2020-12","PW",NA
0,0,"2020-2","PW",NA
0,0,"2021-2","PW",NA
0,0,"2020-1","PW",NA
0,0,"2021-1","PW",NA
0,0,"2020-7","PW",NA
0,0,"2021-7","PW",NA
0,0,"2020-6","PW",NA
0,0,"2021-6","PW",NA
0,0,"2020-3","PW",NA
0,0,"2021-3","PW",NA
0,0,"2020-5","PW",NA
0,0,"2021-5","PW",NA
0,0,"2020-11","PW",NA
0,0,"2021-11","PW",NA
0,0,"2020-10","PW",NA
3,0,"2021-10","PW",NA
0,0,"2020-9","PW",NA
3,0,"2021-9","PW",NA
8183,331,"2020-4","RI","Rhode Island"
10612,52,"2021-4","RI","Rhode Island"
2804,52,"2020-8","RI","Rhode Island"
8362,33,"2021-8","RI","Rhode Island"
32651,503,"2020-12","RI","Rhode Island"
0,0,"2020-2","RI","Rhode Island"
10582,193,"2021-2","RI","Rhode Island"
0,0,"2020-1","RI","Rhode Island"
26068,435,"2021-1","RI","Rhode Island"
2235,53,"2020-7","RI","Rhode Island"
2112,6,"2021-7","RI","Rhode Island"
1896,148,"2020-6","RI","Rhode Island"
681,18,"2021-6","RI","Rhode Island"
511,9,"2020-3","RI","Rhode Island"
11182,86,"2021-3","RI","Rhode Island"
6146,485,"2020-5","RI","Rhode Island"
3530,37,"2021-5","RI","Rhode Island"
23455,198,"2020-11","RI","Rhode Island"
4928,21,"2021-11","RI","Rhode Island"
8674,89,"2020-10","RI","Rhode Island"
7444,41,"2021-10","RI","Rhode Island"
2958,47,"2020-9","RI","Rhode Island"
9763,64,"2021-9","RI","Rhode Island"
0,0,"2020-4","RMI",NA
0,0,"2021-4","RMI",NA
0,0,"2020-8","RMI",NA
0,0,"2021-8","RMI",NA
0,0,"2020-12","RMI",NA
0,0,"2020-2","RMI",NA
0,0,"2021-2","RMI",NA
0,0,"2020-1","RMI",NA
0,0,"2021-1","RMI",NA
0,0,"2020-7","RMI",NA
0,0,"2021-7","RMI",NA
0,0,"2020-6","RMI",NA
0,0,"2021-6","RMI",NA
0,0,"2020-3","RMI",NA
0,0,"2021-3","RMI",NA
0,0,"2020-5","RMI",NA
0,0,"2021-5","RMI",NA
2,0,"2020-11","RMI",NA
0,0,"2021-11","RMI",NA
2,0,"2020-10","RMI",NA
0,0,"2021-10","RMI",NA
0,0,"2020-9","RMI",NA
0,0,"2021-9","RMI",NA
5011,188,"2020-4","SC","South Carolina"
25189,355,"2021-4","SC","South Carolina"
32971,1067,"2020-8","SC","South Carolina"
116994,681,"2021-8","SC","South Carolina"
97208,912,"2020-12","SC","South Carolina"
0,0,"2020-2","SC","South Carolina"
59089,1467,"2021-2","SC","South Carolina"
0,0,"2020-1","SC","South Carolina"
147009,1732,"2021-1","SC","South Carolina"
54265,944,"2020-7","SC","South Carolina"
22858,111,"2021-7","SC","South Carolina"
23625,238,"2020-6","SC","South Carolina"
5219,121,"2021-6","SC","South Carolina"
978,11,"2020-3","SC","South Carolina"
30387,599,"2021-3","SC","South Carolina"
6070,287,"2020-5","SC","South Carolina"
13531,244,"2021-5","SC","South Carolina"
42863,490,"2020-11","SC","South Carolina"
9976,287,"2021-11","SC","South Carolina"
28628,535,"2020-10","SC","South Carolina"
40004,1283,"2021-10","SC","South Carolina"
25765,611,"2020-9","SC","South Carolina"
121668,1876,"2021-9","SC","South Carolina"
2341,16,"2020-4","SD","South Dakota"
4901,32,"2021-4","SD","South Dakota"
4745,37,"2020-8","SD","South Dakota"
6884,26,"2021-8","SD","South Dakota"
18700,542,"2020-12","SD","South Dakota"
0,0,"2020-2","SD","South Dakota"
4177,110,"2021-2","SD","South Dakota"
0,0,"2020-1","SD","South Dakota"
9086,290,"2021-1","SD","South Dakota"
2000,39,"2020-7","SD","South Dakota"
839,8,"2021-7","SD","South Dakota"
1771,29,"2020-6","SD","South Dakota"
345,21,"2021-6","SD","South Dakota"
108,1,"2020-3","SD","South Dakota"
5332,47,"2021-3","SD","South Dakota"
2544,45,"2020-5","SD","South Dakota"
1531,47,"2021-5","SD","South Dakota"
34472,521,"2020-11","SD","South Dakota"
6510,59,"2021-11","SD","South Dakota"
23603,202,"2020-10","SD","South Dakota"
9464,93,"2021-10","SD","South Dakota"
8880,56,"2020-9","SD","South Dakota"
12759,73,"2021-9","SD","South Dakota"
8825,182,"2020-4","TN","Tennessee"
36341,293,"2021-4","TN","Tennessee"
49319,714,"2020-8","TN","Tennessee"
154898,746,"2021-8","TN","Tennessee"
211265,2256,"2020-12","TN","Tennessee"
0,0,"2020-2","TN","Tennessee"
48631,1819,"2021-2","TN","Tennessee"
0,0,"2020-1","TN","Tennessee"
143113,2764,"2021-1","TN","Tennessee"
60768,441,"2020-7","TN","Tennessee"
30445,178,"2021-7","TN","Tennessee"
19391,228,"2020-6","TN","Tennessee"
6501,116,"2021-6","TN","Tennessee"
1981,13,"2020-3","TN","Tennessee"
36686,511,"2021-3","TN","Tennessee"
11863,169,"2020-5","TN","Tennessee"
18133,249,"2021-5","TN","Tennessee"
107917,1213,"2020-11","TN","Tennessee"
17192,363,"2021-11","TN","Tennessee"
64225,921,"2020-10","TN","Tennessee"
53629,1228,"2021-10","TN","Tennessee"
40951,673,"2020-9","TN","Tennessee"
176693,1663,"2021-9","TN","Tennessee"
24821,893,"2020-4","TX","Texas"
99922,1221,"2021-4","TX","Texas"
192023,4830,"2020-8","TX","Texas"
448541,3550,"2021-8","TX","Texas"
477740,7027,"2020-12","TX","Texas"
0,0,"2020-2","TX","Texas"
283392,5213,"2021-2","TX","Texas"
0,0,"2020-1","TX","Texas"
604460,9907,"2021-1","TX","Texas"
260960,6683,"2020-7","TX","Texas"
134719,623,"2021-7","TX","Texas"
95699,1348,"2020-6","TX","Texas"
44613,534,"2021-6","TX","Texas"
3266,101,"2020-3","TX","Texas"
139281,2322,"2021-3","TX","Texas"
36200,925,"2020-5","TX","Texas"
60617,983,"2021-5","TX","Texas"
310361,4784,"2020-11","TX","Texas"
47479,1741,"2021-11","TX","Texas"
151629,2559,"2020-10","TX","Texas"
162787,6005,"2021-10","TX","Texas"
135998,2132,"2020-9","TX","Texas"
442670,8341,"2021-9","TX","Texas"
3819,41,"2020-4","UT","Utah"
11682,80,"2021-4","UT","Utah"
11995,101,"2020-8","UT","Utah"
31207,178,"2021-8","UT","Utah"
80906,398,"2020-12","UT","Utah"
0,0,"2020-2","UT","Utah"
24611,270,"2021-2","UT","Utah"
0,0,"2020-1","UT","Utah"
70012,396,"2021-1","UT","Utah"
18051,134,"2020-7","UT","Utah"
18076,85,"2021-7","UT","Utah"
12802,60,"2020-6","UT","Utah"
8969,59,"2021-6","UT","Utah"
934,5,"2020-3","UT","Utah"
14406,187,"2021-3","UT","Utah"
5191,67,"2020-5","UT","Utah"
8847,100,"2021-5","UT","Utah"
81050,267,"2020-11","UT","Utah"
27365,178,"2021-11","UT","Utah"
41614,145,"2020-10","UT","Utah"
41388,276,"2021-10","UT","Utah"
20250,51,"2020-9","UT","Utah"
44072,298,"2021-9","UT","Utah"
15417,547,"2020-4","VA","Virginia"
39751,508,"2021-4","VA","Virginia"
30814,397,"2020-8","VA","Virginia"
72976,327,"2021-8","VA","Virginia"
114703,988,"2020-12","VA","Virginia"
0,0,"2020-2","VA","Virginia"
69534,2309,"2021-2","VA","Virginia"
0,0,"2020-1","VA","Virginia"
152873,1393,"2021-1","VA","Virginia"
28014,452,"2020-7","VA","Virginia"
16302,115,"2021-7","VA","Virginia"
17389,371,"2020-6","VA","Virginia"
4967,225,"2021-6","VA","Virginia"
1484,34,"2020-3","VA","Virginia"
43628,1486,"2021-3","VA","Virginia"
28497,811,"2020-5","VA","Virginia"
15044,417,"2021-5","VA","Virginia"
57671,438,"2020-11","VA","Virginia"
23624,495,"2021-11","VA","Virginia"
33672,427,"2020-10","VA","Virginia"
56851,1142,"2021-10","VA","Virginia"
27106,616,"2020-9","VA","Virginia"
99486,945,"2021-9","VA","Virginia"
36,4,"2020-4","VI",NA
218,1,"2021-4","VI",NA
718,7,"2020-8","VI",NA
1295,18,"2021-8","VI",NA
486,0,"2020-12","VI",NA
0,0,"2020-2","VI",NA
225,1,"2021-2","VI",NA
0,0,"2020-1","VI",NA
385,1,"2021-1","VI",NA
331,2,"2020-7","VI",NA
750,7,"2021-7","VI",NA
21,0,"2020-6","VI",NA
421,3,"2021-6","VI",NA
30,0,"2020-3","VI",NA
261,1,"2021-3","VI",NA
3,2,"2020-5","VI",NA
333,0,"2021-5","VI",NA
172,2,"2020-11","VI",NA
174,3,"2021-11","VI",NA
60,1,"2020-10","VI",NA
448,10,"2021-10","VI",NA
179,5,"2020-9","VI",NA
834,16,"2021-9","VI",NA
521,32,"2020-4","VT","Vermont"
3504,19,"2021-4","VT","Vermont"
185,0,"2020-8","VT","Vermont"
3152,15,"2021-8","VT","Vermont"
2932,73,"2020-12","VT","Vermont"
0,0,"2020-2","VT","Vermont"
2969,25,"2021-2","VT","Vermont"
0,0,"2020-1","VT","Vermont"
4109,34,"2021-1","VT","Vermont"
192,2,"2020-7","VT","Vermont"
481,1,"2021-7","VT","Vermont"
203,1,"2020-6","VT","Vermont"
167,2,"2021-6","VT","Vermont"
271,16,"2020-3","VT","Vermont"
3924,19,"2021-3","VT","Vermont"
108,6,"2020-5","VT","Vermont"
1185,6,"2021-5","VT","Vermont"
2013,15,"2020-11","VT","Vermont"
5225,33,"2021-11","VT","Vermont"
414,0,"2020-10","VT","Vermont"
5402,41,"2021-10","VT","Vermont"
127,0,"2020-9","VT","Vermont"
4796,37,"2021-9","VT","Vermont"
9067,619,"2020-4","WA","Washington"
38608,252,"2021-4","WA","Washington"
18469,351,"2020-8","WA","Washington"
87895,451,"2021-8","WA","Washington"
76819,687,"2020-12","WA","Washington"
0,1,"2020-2","WA","Washington"
27424,671,"2021-2","WA","Washington"
1,0,"2020-1","WA","Washington"
66279,824,"2021-1","WA","Washington"
23919,232,"2020-7","WA","Washington"
23551,193,"2021-7","WA","Washington"
11065,214,"2020-6","WA","Washington"
14920,165,"2021-6","WA","Washington"
5340,194,"2020-3","WA","Washington"
24184,291,"2021-3","WA","Washington"
7353,304,"2020-5","WA","Washington"
33767,266,"2021-5","WA","Washington"
59558,408,"2020-11","WA","Washington"
30875,401,"2021-11","WA","Washington"
21135,240,"2020-10","WA","Washington"
67809,902,"2021-10","WA","Washington"
13687,211,"2020-9","WA","Washington"
94585,1152,"2021-9","WA","Washington"
5503,300,"2020-4","WI","Wisconsin"
24409,235,"2021-4","WI","Wisconsin"
23634,189,"2020-8","WI","Wisconsin"
46047,171,"2021-8","WI","Wisconsin"
108708,1748,"2020-12","WI","Wisconsin"
0,0,"2020-2","WI","Wisconsin"
25227,580,"2021-2","WI","Wisconsin"
0,0,"2020-1","WI","Wisconsin"
71702,1192,"2021-1","WI","Wisconsin"
25272,150,"2020-7","WI","Wisconsin"
10271,163,"2021-7","WI","Wisconsin"
13259,199,"2020-6","WI","Wisconsin"
3202,272,"2021-6","WI","Wisconsin"
1351,16,"2020-3","WI","Wisconsin"
18674,301,"2021-3","WI","Wisconsin"
11549,276,"2020-5","WI","Wisconsin"
13970,306,"2021-5","WI","Wisconsin"
173860,1402,"2020-11","WI","Wisconsin"
50473,325,"2021-11","WI","Wisconsin"
108747,755,"2020-10","WI","Wisconsin"
72293,528,"2021-10","WI","Wisconsin"
48555,207,"2020-9","WI","Wisconsin"
76224,426,"2021-9","WI","Wisconsin"
963,43,"2020-4","WV","West Virginia"
11390,3,"2021-4","WV","West Virginia"
3608,98,"2020-8","WV","West Virginia"
22453,137,"2021-8","WV","West Virginia"
37492,603,"2020-12","WV","West Virginia"
0,0,"2020-2","WV","West Virginia"
10854,276,"2021-2","WV","West Virginia"
0,0,"2020-1","WV","West Virginia"
35667,686,"2021-1","WV","West Virginia"
3737,23,"2020-7","WV","West Virginia"
3196,56,"2021-7","WV","West Virginia"
895,18,"2020-6","WV","West Virginia"
2328,81,"2021-6","WV","West Virginia"
162,1,"2020-3","WV","West Virginia"
9883,211,"2021-3","WV","West Virginia"
885,31,"2020-5","WV","West Virginia"
8585,113,"2021-5","WV","West Virginia"
23382,278,"2020-11","WV","West Virginia"
11633,250,"2021-11","WV","West Virginia"
8612,107,"2020-10","WV","West Virginia"
32073,756,"2021-10","WV","West Virginia"
5598,136,"2020-9","WV","West Virginia"
50769,586,"2021-9","WV","West Virginia"
439,7,"2020-4","WY","Wyoming"
1832,7,"2021-4","WY","Wyoming"
1116,11,"2020-8","WY","Wyoming"
9897,82,"2021-8","WY","Wyoming"
11104,223,"2020-12","WY","Wyoming"
0,0,"2020-2","WY","Wyoming"
2482,75,"2021-2","WY","Wyoming"
0,0,"2020-1","WY","Wyoming"
7503,158,"2021-1","WY","Wyoming"
1239,6,"2020-7","WY","Wyoming"
2949,29,"2021-7","WY","Wyoming"
584,3,"2020-6","WY","Wyoming"
1984,28,"2021-6","WY","Wyoming"
120,0,"2020-3","WY","Wyoming"
1916,29,"2021-3","WY","Wyoming"
344,10,"2020-5","WY","Wyoming"
2164,12,"2021-5","WY","Wyoming"
20007,128,"2020-11","WY","Wyoming"
5487,173,"2021-11","WY","Wyoming"
7350,37,"2020-10","WY","Wyoming"
12324,178,"2021-10","WY","Wyoming"
2106,13,"2020-9","WY","Wyoming"
15466,138,"2021-9","WY","Wyoming"
>>>>>>> 5948fc6c49fb8ba605b497b4f82f570f77219f61
