"year","period","periodName","value","seriesID","item_name","date"
"2021","M10","October",155.317,"SUUR0000SA0","All items","2021-10"
"2021","M09","September",154.076,"SUUR0000SA0","All items","2021-09"
"2021","M08","August",153.643,"SUUR0000SA0","All items","2021-08"
"2021","M07","July",153.352,"SUUR0000SA0","All items","2021-07"
"2021","M06","June",152.649,"SUUR0000SA0","All items","2021-06"
"2021","M05","May",151.334,"SUUR0000SA0","All items","2021-05"
"2021","M04","April",150.15,"SUUR0000SA0","All items","2021-04"
"2021","M03","March",148.918,"SUUR0000SA0","All items","2021-03"
"2021","M02","February",147.877,"SUUR0000SA0","All items","2021-02"
"2021","M01","January",147.054,"SUUR0000SA0","All items","2021-01"
"2020","M12","December",146.408,"SUUR0000SA0","All items","2020-12"
"2020","M11","November",146.242,"SUUR0000SA0","All items","2020-11"
"2020","M10","October",146.382,"SUUR0000SA0","All items","2020-10"
"2020","M09","September",146.417,"SUUR0000SA0","All items","2020-09"
"2020","M08","August",146.27,"SUUR0000SA0","All items","2020-08"
"2020","M07","July",145.747,"SUUR0000SA0","All items","2020-07"
"2020","M06","June",144.847,"SUUR0000SA0","All items","2020-06"
"2020","M05","May",144.018,"SUUR0000SA0","All items","2020-05"
"2020","M04","April",144.142,"SUUR0000SA0","All items","2020-04"
"2020","M03","March",144.913,"SUUR0000SA0","All items","2020-03"
"2020","M02","February",145.193,"SUUR0000SA0","All items","2020-02"
"2020","M01","January",144.813,"SUUR0000SA0","All items","2020-01"
"2019","M12","December",144.251,"SUUR0000SA0","All items","2019-12"
"2019","M11","November",144.518,"SUUR0000SA0","All items","2019-11"
"2019","M10","October",144.629,"SUUR0000SA0","All items","2019-10"
"2019","M09","September",144.428,"SUUR0000SA0","All items","2019-09"
"2019","M08","August",144.388,"SUUR0000SA0","All items","2019-08"
"2019","M07","July",144.409,"SUUR0000SA0","All items","2019-07"
"2019","M06","June",144.243,"SUUR0000SA0","All items","2019-06"
"2019","M05","May",144.183,"SUUR0000SA0","All items","2019-05"
"2019","M04","April",143.926,"SUUR0000SA0","All items","2019-04"
"2019","M03","March",143.297,"SUUR0000SA0","All items","2019-03"
"2019","M02","February",142.571,"SUUR0000SA0","All items","2019-02"
"2019","M01","January",142.001,"SUUR0000SA0","All items","2019-01"
"2021","M10","October",215.9,"SUUR0000SA0E","Energy","2021-10"
"2021","M09","September",210.092,"SUUR0000SA0E","Energy","2021-09"
"2021","M08","August",208.759,"SUUR0000SA0E","Energy","2021-08"
"2021","M07","July",207.244,"SUUR0000SA0E","Energy","2021-07"
"2021","M06","June",203.853,"SUUR0000SA0E","Energy","2021-06"
"2021","M05","May",199.276,"SUUR0000SA0E","Energy","2021-05"
"2021","M04","April",194.056,"SUUR0000SA0E","Energy","2021-04"
"2021","M03","March",191.336,"SUUR0000SA0E","Energy","2021-03"
"2021","M02","February",180.679,"SUUR0000SA0E","Energy","2021-02"
"2021","M01","January",173.804,"SUUR0000SA0E","Energy","2021-01"
"2020","M12","December",167.531,"SUUR0000SA0E","Energy","2020-12"
"2020","M11","November",164.399,"SUUR0000SA0E","Energy","2020-11"
"2020","M10","October",166.153,"SUUR0000SA0E","Energy","2020-10"
"2020","M09","September",168.186,"SUUR0000SA0E","Energy","2020-09"
"2020","M08","August",167.032,"SUUR0000SA0E","Energy","2020-08"
"2020","M07","July",167.37,"SUUR0000SA0E","Energy","2020-07"
"2020","M06","June",163.974,"SUUR0000SA0E","Energy","2020-06"
"2020","M05","May",155.356,"SUUR0000SA0E","Energy","2020-05"
"2020","M04","April",155.162,"SUUR0000SA0E","Energy","2020-04"
"2020","M03","March",168.099,"SUUR0000SA0E","Energy","2020-03"
"2020","M02","February",175.056,"SUUR0000SA0E","Energy","2020-02"
"2020","M01","January",178.849,"SUUR0000SA0E","Energy","2020-01"
"2019","M12","December",178.73,"SUUR0000SA0E","Energy","2019-12"
"2019","M11","November",179.822,"SUUR0000SA0E","Energy","2019-11"
"2019","M10","October",181.255,"SUUR0000SA0E","Energy","2019-10"
"2019","M09","September",180.713,"SUUR0000SA0E","Energy","2019-09"
"2019","M08","August",182.005,"SUUR0000SA0E","Energy","2019-08"
"2019","M07","July",186.559,"SUUR0000SA0E","Energy","2019-07"
"2019","M06","June",185.508,"SUUR0000SA0E","Energy","2019-06"
"2019","M05","May",188.983,"SUUR0000SA0E","Energy","2019-05"
"2019","M04","April",186.258,"SUUR0000SA0E","Energy","2019-04"
"2019","M03","March",177.77,"SUUR0000SA0E","Energy","2019-03"
"2019","M02","February",170.727,"SUUR0000SA0E","Energy","2019-02"
"2019","M01","January",169.029,"SUUR0000SA0E","Energy","2019-01"
"2021","M10","October",147.878,"SUUR0000SA0L1E","All items less food and energy","2021-10"
"2021","M09","September",146.988,"SUUR0000SA0L1E","All items less food and energy","2021-09"
"2021","M08","August",146.758,"SUUR0000SA0L1E","All items less food and energy","2021-08"
"2021","M07","July",146.576,"SUUR0000SA0L1E","All items less food and energy","2021-07"
"2021","M06","June",146.115,"SUUR0000SA0L1E","All items less food and energy","2021-06"
"2021","M05","May",144.995,"SUUR0000SA0L1E","All items less food and energy","2021-05"
"2021","M04","April",144.001,"SUUR0000SA0L1E","All items less food and energy","2021-04"
"2021","M03","March",142.802,"SUUR0000SA0L1E","All items less food and energy","2021-03"
"2021","M02","February",142.27,"SUUR0000SA0L1E","All items less food and energy","2021-02"
"2021","M01","January",141.76,"SUUR0000SA0L1E","All items less food and energy","2021-01"
"2020","M12","December",141.491,"SUUR0000SA0L1E","All items less food and energy","2020-12"
"2020","M11","November",141.569,"SUUR0000SA0L1E","All items less food and energy","2020-11"
"2020","M10","October",141.532,"SUUR0000SA0L1E","All items less food and energy","2020-10"
"2020","M09","September",141.5,"SUUR0000SA0L1E","All items less food and energy","2020-09"
"2020","M08","August",141.371,"SUUR0000SA0L1E","All items less food and energy","2020-08"
"2020","M07","July",140.743,"SUUR0000SA0L1E","All items less food and energy","2020-07"
"2020","M06","June",139.808,"SUUR0000SA0L1E","All items less food and energy","2020-06"
"2020","M05","May",139.498,"SUUR0000SA0L1E","All items less food and energy","2020-05"
"2020","M04","April",139.837,"SUUR0000SA0L1E","All items less food and energy","2020-04"
"2020","M03","March",140.354,"SUUR0000SA0L1E","All items less food and energy","2020-03"
"2020","M02","February",140.333,"SUUR0000SA0L1E","All items less food and energy","2020-02"
"2020","M01","January",139.699,"SUUR0000SA0L1E","All items less food and energy","2020-01"
"2019","M12","December",139.15,"SUUR0000SA0L1E","All items less food and energy","2019-12"
"2019","M11","November",139.422,"SUUR0000SA0L1E","All items less food and energy","2019-11"
"2019","M10","October",139.45,"SUUR0000SA0L1E","All items less food and energy","2019-10"
"2019","M09","September",139.301,"SUUR0000SA0L1E","All items less food and energy","2019-09"
"2019","M08","August",139.227,"SUUR0000SA0L1E","All items less food and energy","2019-08"
"2019","M07","July",138.978,"SUUR0000SA0L1E","All items less food and energy","2019-07"
"2019","M06","June",138.849,"SUUR0000SA0L1E","All items less food and energy","2019-06"
"2019","M05","May",138.55,"SUUR0000SA0L1E","All items less food and energy","2019-05"
"2019","M04","April",138.433,"SUUR0000SA0L1E","All items less food and energy","2019-04"
"2019","M03","March",138.214,"SUUR0000SA0L1E","All items less food and energy","2019-03"
"2019","M02","February",137.891,"SUUR0000SA0L1E","All items less food and energy","2019-02"
"2019","M01","January",137.391,"SUUR0000SA0L1E","All items less food and energy","2019-01"
"2021","M10","October",92.342,"SUUR0000SAA","Apparel","2021-10"
"2021","M09","September",91.622,"SUUR0000SAA","Apparel","2021-09"
"2021","M08","August",89.929,"SUUR0000SAA","Apparel","2021-08"
"2021","M07","July",88.328,"SUUR0000SAA","Apparel","2021-07"
"2021","M06","June",89.307,"SUUR0000SAA","Apparel","2021-06"
"2021","M05","May",89.784,"SUUR0000SAA","Apparel","2021-05"
"2021","M04","April",89.601,"SUUR0000SAA","Apparel","2021-04"
"2021","M03","March",89.678,"SUUR0000SAA","Apparel","2021-03"
"2021","M02","February",89.172,"SUUR0000SAA","Apparel","2021-02"
"2021","M01","January",87.374,"SUUR0000SAA","Apparel","2021-01"
"2020","M12","December",85.004,"SUUR0000SAA","Apparel","2020-12"
"2020","M11","November",86.457,"SUUR0000SAA","Apparel","2020-11"
"2020","M10","October",88.387,"SUUR0000SAA","Apparel","2020-10"
"2020","M09","September",88.636,"SUUR0000SAA","Apparel","2020-09"
"2020","M08","August",86.739,"SUUR0000SAA","Apparel","2020-08"
"2020","M07","July",85.043,"SUUR0000SAA","Apparel","2020-07"
"2020","M06","June",85.365,"SUUR0000SAA","Apparel","2020-06"
"2020","M05","May",85.569,"SUUR0000SAA","Apparel","2020-05"
"2020","M04","April",88.662,"SUUR0000SAA","Apparel","2020-04"
"2020","M03","March",93.199,"SUUR0000SAA","Apparel","2020-03"
"2020","M02","February",93.733,"SUUR0000SAA","Apparel","2020-02"
"2020","M01","January",90.816,"SUUR0000SAA","Apparel","2020-01"
"2019","M12","December",89.439,"SUUR0000SAA","Apparel","2019-12"
"2019","M11","November",92.594,"SUUR0000SAA","Apparel","2019-11"
"2019","M10","October",94.705,"SUUR0000SAA","Apparel","2019-10"
"2019","M09","September",95.297,"SUUR0000SAA","Apparel","2019-09"
"2019","M08","August",92.793,"SUUR0000SAA","Apparel","2019-08"
"2019","M07","July",91.35,"SUUR0000SAA","Apparel","2019-07"
"2019","M06","June",93.055,"SUUR0000SAA","Apparel","2019-06"
"2019","M05","May",93.882,"SUUR0000SAA","Apparel","2019-05"
"2019","M04","April",94.499,"SUUR0000SAA","Apparel","2019-04"
"2019","M03","March",94.808,"SUUR0000SAA","Apparel","2019-03"
"2019","M02","February",94.943,"SUUR0000SAA","Apparel","2019-02"
"2019","M01","January",92.202,"SUUR0000SAA","Apparel","2019-01"
"2021","M10","October",130.235,"SUUR0000SAC","Commodities","2021-10"
"2021","M09","September",128.51,"SUUR0000SAC","Commodities","2021-09"
"2021","M08","August",127.942,"SUUR0000SAC","Commodities","2021-08"
"2021","M07","July",127.395,"SUUR0000SAC","Commodities","2021-07"
"2021","M06","June",126.543,"SUUR0000SAC","Commodities","2021-06"
"2021","M05","May",124.765,"SUUR0000SAC","Commodities","2021-05"
"2021","M04","April",123.17,"SUUR0000SAC","Commodities","2021-04"
"2021","M03","March",121.593,"SUUR0000SAC","Commodities","2021-03"
"2021","M02","February",120.061,"SUUR0000SAC","Commodities","2021-02"
"2021","M01","January",119.014,"SUUR0000SAC","Commodities","2021-01"
"2020","M12","December",117.869,"SUUR0000SAC","Commodities","2020-12"
"2020","M11","November",117.736,"SUUR0000SAC","Commodities","2020-11"
"2020","M10","October",118.496,"SUUR0000SAC","Commodities","2020-10"
"2020","M09","September",118.55,"SUUR0000SAC","Commodities","2020-09"
"2020","M08","August",118.311,"SUUR0000SAC","Commodities","2020-08"
"2020","M07","July",117.439,"SUUR0000SAC","Commodities","2020-07"
"2020","M06","June",116.623,"SUUR0000SAC","Commodities","2020-06"
"2020","M05","May",115.686,"SUUR0000SAC","Commodities","2020-05"
"2020","M04","April",115.565,"SUUR0000SAC","Commodities","2020-04"
"2020","M03","March",116.604,"SUUR0000SAC","Commodities","2020-03"
"2020","M02","February",117.21,"SUUR0000SAC","Commodities","2020-02"
"2020","M01","January",117.046,"SUUR0000SAC","Commodities","2020-01"
"2019","M12","December",116.612,"SUUR0000SAC","Commodities","2019-12"
"2019","M11","November",117.262,"SUUR0000SAC","Commodities","2019-11"
"2019","M10","October",117.78,"SUUR0000SAC","Commodities","2019-10"
"2019","M09","September",117.583,"SUUR0000SAC","Commodities","2019-09"
"2019","M08","August",117.861,"SUUR0000SAC","Commodities","2019-08"
"2019","M07","July",118.201,"SUUR0000SAC","Commodities","2019-07"
"2019","M06","June",118.136,"SUUR0000SAC","Commodities","2019-06"
"2019","M05","May",118.702,"SUUR0000SAC","Commodities","2019-05"
"2019","M04","April",118.585,"SUUR0000SAC","Commodities","2019-04"
"2019","M03","March",117.693,"SUUR0000SAC","Commodities","2019-03"
"2019","M02","February",116.585,"SUUR0000SAC","Commodities","2019-02"
"2019","M01","January",115.852,"SUUR0000SAC","Commodities","2019-01"
"2021","M10","October",83.021,"SUUR0000SAD","Durables","2021-10"
"2021","M09","September",81.717,"SUUR0000SAD","Durables","2021-09"
"2021","M08","August",82.001,"SUUR0000SAD","Durables","2021-08"
"2021","M07","July",81.728,"SUUR0000SAD","Durables","2021-07"
"2021","M06","June",81.119,"SUUR0000SAD","Durables","2021-06"
"2021","M05","May",78.393,"SUUR0000SAD","Durables","2021-05"
"2021","M04","April",76.418,"SUUR0000SAD","Durables","2021-04"
"2021","M03","March",74.193,"SUUR0000SAD","Durables","2021-03"
"2021","M02","February",73.736,"SUUR0000SAD","Durables","2021-02"
"2021","M01","January",73.506,"SUUR0000SAD","Durables","2021-01"
"2020","M12","December",73.617,"SUUR0000SAD","Durables","2020-12"
"2020","M11","November",73.66,"SUUR0000SAD","Durables","2020-11"
"2020","M10","October",73.977,"SUUR0000SAD","Durables","2020-10"
"2020","M09","September",73.878,"SUUR0000SAD","Durables","2020-09"
"2020","M08","August",73.676,"SUUR0000SAD","Durables","2020-08"
"2020","M07","July",72.599,"SUUR0000SAD","Durables","2020-07"
"2020","M06","June",71.656,"SUUR0000SAD","Durables","2020-06"
"2020","M05","May",71.709,"SUUR0000SAD","Durables","2020-05"
"2020","M04","April",71.709,"SUUR0000SAD","Durables","2020-04"
"2020","M03","March",71.917,"SUUR0000SAD","Durables","2020-03"
"2020","M02","February",71.937,"SUUR0000SAD","Durables","2020-02"
"2020","M01","January",71.657,"SUUR0000SAD","Durables","2020-01"
"2019","M12","December",71.532,"SUUR0000SAD","Durables","2019-12"
"2019","M11","November",71.81,"SUUR0000SAD","Durables","2019-11"
"2019","M10","October",72.1,"SUUR0000SAD","Durables","2019-10"
"2019","M09","September",72.239,"SUUR0000SAD","Durables","2019-09"
"2019","M08","August",73.216,"SUUR0000SAD","Durables","2019-08"
"2019","M07","July",73.293,"SUUR0000SAD","Durables","2019-07"
"2019","M06","June",73.18,"SUUR0000SAD","Durables","2019-06"
"2019","M05","May",72.953,"SUUR0000SAD","Durables","2019-05"
"2019","M04","April",73.236,"SUUR0000SAD","Durables","2019-04"
"2019","M03","March",73.45,"SUUR0000SAD","Durables","2019-03"
"2019","M02","February",73.374,"SUUR0000SAD","Durables","2019-02"
"2019","M01","January",73.309,"SUUR0000SAD","Durables","2019-01"
"2021","M10","October",115.721,"SUUR0000SAE","Education and communication","2021-10"
"2021","M09","September",115.622,"SUUR0000SAE","Education and communication","2021-09"
"2021","M08","August",114.989,"SUUR0000SAE","Education and communication","2021-08"
"2021","M07","July",114.518,"SUUR0000SAE","Education and communication","2021-07"
"2021","M06","June",114.349,"SUUR0000SAE","Education and communication","2021-06"
"2021","M05","May",114.223,"SUUR0000SAE","Education and communication","2021-05"
"2021","M04","April",114.031,"SUUR0000SAE","Education and communication","2021-04"
"2021","M03","March",113.667,"SUUR0000SAE","Education and communication","2021-03"
"2021","M02","February",114.012,"SUUR0000SAE","Education and communication","2021-02"
"2021","M01","January",113.936,"SUUR0000SAE","Education and communication","2021-01"
"2020","M12","December",113.946,"SUUR0000SAE","Education and communication","2020-12"
"2020","M11","November",114.135,"SUUR0000SAE","Education and communication","2020-11"
"2020","M10","October",114.521,"SUUR0000SAE","Education and communication","2020-10"
"2020","M09","September",114.738,"SUUR0000SAE","Education and communication","2020-09"
"2020","M08","August",114.871,"SUUR0000SAE","Education and communication","2020-08"
"2020","M07","July",114.504,"SUUR0000SAE","Education and communication","2020-07"
"2020","M06","June",113.385,"SUUR0000SAE","Education and communication","2020-06"
"2020","M05","May",113.666,"SUUR0000SAE","Education and communication","2020-05"
"2020","M04","April",113.622,"SUUR0000SAE","Education and communication","2020-04"
"2020","M03","March",113.55,"SUUR0000SAE","Education and communication","2020-03"
"2020","M02","February",113.837,"SUUR0000SAE","Education and communication","2020-02"
"2020","M01","January",113.86,"SUUR0000SAE","Education and communication","2020-01"
"2019","M12","December",113.752,"SUUR0000SAE","Education and communication","2019-12"
"2019","M11","November",114.03,"SUUR0000SAE","Education and communication","2019-11"
"2019","M10","October",113.898,"SUUR0000SAE","Education and communication","2019-10"
"2019","M09","September",114.215,"SUUR0000SAE","Education and communication","2019-09"
"2019","M08","August",114.131,"SUUR0000SAE","Education and communication","2019-08"
"2019","M07","July",113.672,"SUUR0000SAE","Education and communication","2019-07"
"2019","M06","June",113.656,"SUUR0000SAE","Education and communication","2019-06"
"2019","M05","May",113.565,"SUUR0000SAE","Education and communication","2019-05"
"2019","M04","April",113.618,"SUUR0000SAE","Education and communication","2019-04"
"2019","M03","March",113.673,"SUUR0000SAE","Education and communication","2019-03"
"2019","M02","February",114.05,"SUUR0000SAE","Education and communication","2019-02"
"2019","M01","January",114.071,"SUUR0000SAE","Education and communication","2019-01"
"2021","M10","October",258.99,"SUUR0000SAE1","Education","2021-10"
"2021","M09","September",258.54,"SUUR0000SAE1","Education","2021-09"
"2021","M08","August",256.519,"SUUR0000SAE1","Education","2021-08"
"2021","M07","July",255.146,"SUUR0000SAE1","Education","2021-07"
"2021","M06","June",254.545,"SUUR0000SAE1","Education","2021-06"
"2021","M05","May",253.968,"SUUR0000SAE1","Education","2021-05"
"2021","M04","April",253.313,"SUUR0000SAE1","Education","2021-04"
"2021","M03","March",253.056,"SUUR0000SAE1","Education","2021-03"
"2021","M02","February",254.083,"SUUR0000SAE1","Education","2021-02"
"2021","M01","January",253.799,"SUUR0000SAE1","Education","2021-01"
"2020","M12","December",253.992,"SUUR0000SAE1","Education","2020-12"
"2020","M11","November",253.899,"SUUR0000SAE1","Education","2020-11"
"2020","M10","October",253.906,"SUUR0000SAE1","Education","2020-10"
"2020","M09","September",253.794,"SUUR0000SAE1","Education","2020-09"
"2020","M08","August",253.215,"SUUR0000SAE1","Education","2020-08"
"2020","M07","July",252.062,"SUUR0000SAE1","Education","2020-07"
"2020","M06","June",251.622,"SUUR0000SAE1","Education","2020-06"
"2020","M05","May",251.191,"SUUR0000SAE1","Education","2020-05"
"2020","M04","April",250.903,"SUUR0000SAE1","Education","2020-04"
"2020","M03","March",250.704,"SUUR0000SAE1","Education","2020-03"
"2020","M02","February",250.704,"SUUR0000SAE1","Education","2020-02"
"2020","M01","January",250.362,"SUUR0000SAE1","Education","2020-01"
"2019","M12","December",250.234,"SUUR0000SAE1","Education","2019-12"
"2019","M11","November",250.356,"SUUR0000SAE1","Education","2019-11"
"2019","M10","October",250.336,"SUUR0000SAE1","Education","2019-10"
"2019","M09","September",249.843,"SUUR0000SAE1","Education","2019-09"
"2019","M08","August",248.516,"SUUR0000SAE1","Education","2019-08"
"2019","M07","July",246.326,"SUUR0000SAE1","Education","2019-07"
"2019","M06","June",245.995,"SUUR0000SAE1","Education","2019-06"
"2019","M05","May",245.702,"SUUR0000SAE1","Education","2019-05"
"2019","M04","April",245.075,"SUUR0000SAE1","Education","2019-04"
"2019","M03","March",245.009,"SUUR0000SAE1","Education","2019-03"
"2019","M02","February",244.764,"SUUR0000SAE1","Education","2019-02"
"2019","M01","January",244.277,"SUUR0000SAE1","Education","2019-01"
"2021","M10","October",58.427,"SUUR0000SAE2","Communication","2021-10"
"2021","M09","September",58.417,"SUUR0000SAE2","Communication","2021-09"
"2021","M08","August",58.203,"SUUR0000SAE2","Communication","2021-08"
"2021","M07","July",58.022,"SUUR0000SAE2","Communication","2021-07"
"2021","M06","June",57.976,"SUUR0000SAE2","Communication","2021-06"
"2021","M05","May",57.964,"SUUR0000SAE2","Communication","2021-05"
"2021","M04","April",57.907,"SUUR0000SAE2","Communication","2021-04"
"2021","M03","March",57.625,"SUUR0000SAE2","Communication","2021-03"
"2021","M02","February",57.755,"SUUR0000SAE2","Communication","2021-02"
"2021","M01","January",57.736,"SUUR0000SAE2","Communication","2021-01"
"2020","M12","December",57.711,"SUUR0000SAE2","Communication","2020-12"
"2020","M11","November",57.859,"SUUR0000SAE2","Communication","2020-11"
"2020","M10","October",58.139,"SUUR0000SAE2","Communication","2020-10"
"2020","M09","September",58.343,"SUUR0000SAE2","Communication","2020-09"
"2020","M08","August",58.618,"SUUR0000SAE2","Communication","2020-08"
"2020","M07","July",58.484,"SUUR0000SAE2","Communication","2020-07"
"2020","M06","June",57.669,"SUUR0000SAE2","Communication","2020-06"
"2020","M05","May",57.913,"SUUR0000SAE2","Communication","2020-05"
"2020","M04","April",57.906,"SUUR0000SAE2","Communication","2020-04"
"2020","M03","March",57.873,"SUUR0000SAE2","Communication","2020-03"
"2020","M02","February",58.082,"SUUR0000SAE2","Communication","2020-02"
"2020","M01","January",58.158,"SUUR0000SAE2","Communication","2020-01"
"2019","M12","December",58.073,"SUUR0000SAE2","Communication","2019-12"
"2019","M11","November",58.298,"SUUR0000SAE2","Communication","2019-11"
"2019","M10","October",58.2,"SUUR0000SAE2","Communication","2019-10"
"2019","M09","September",58.544,"SUUR0000SAE2","Communication","2019-09"
"2019","M08","August",58.854,"SUUR0000SAE2","Communication","2019-08"
"2019","M07","July",58.913,"SUUR0000SAE2","Communication","2019-07"
"2019","M06","June",58.943,"SUUR0000SAE2","Communication","2019-06"
"2019","M05","May",58.909,"SUUR0000SAE2","Communication","2019-05"
"2019","M04","April",59.028,"SUUR0000SAE2","Communication","2019-04"
"2019","M03","March",59.077,"SUUR0000SAE2","Communication","2019-03"
"2019","M02","February",59.399,"SUUR0000SAE2","Communication","2019-02"
"2019","M01","January",59.509,"SUUR0000SAE2","Communication","2019-01"
"2021","M10","October",161.644,"SUUR0000SAF","Food and beverages","2021-10"
"2021","M09","September",160.228,"SUUR0000SAF","Food and beverages","2021-09"
"2021","M08","August",158.991,"SUUR0000SAF","Food and beverages","2021-08"
"2021","M07","July",158.522,"SUUR0000SAF","Food and beverages","2021-07"
"2021","M06","June",157.504,"SUUR0000SAF","Food and beverages","2021-06"
"2021","M05","May",156.43,"SUUR0000SAF","Food and beverages","2021-05"
"2021","M04","April",155.826,"SUUR0000SAF","Food and beverages","2021-04"
"2021","M03","March",155.134,"SUUR0000SAF","Food and beverages","2021-03"
"2021","M02","February",154.964,"SUUR0000SAF","Food and beverages","2021-02"
"2021","M01","January",154.822,"SUUR0000SAF","Food and beverages","2021-01"
"2020","M12","December",154.343,"SUUR0000SAF","Food and beverages","2020-12"
"2020","M11","November",153.831,"SUUR0000SAF","Food and beverages","2020-11"
"2020","M10","October",154.407,"SUUR0000SAF","Food and beverages","2020-10"
"2020","M09","September",154.026,"SUUR0000SAF","Food and beverages","2020-09"
"2020","M08","August",154.197,"SUUR0000SAF","Food and beverages","2020-08"
"2020","M07","July",154.107,"SUUR0000SAF","Food and beverages","2020-07"
"2020","M06","June",154.785,"SUUR0000SAF","Food and beverages","2020-06"
"2020","M05","May",153.974,"SUUR0000SAF","Food and beverages","2020-05"
"2020","M04","April",152.709,"SUUR0000SAF","Food and beverages","2020-04"
"2020","M03","March",149.773,"SUUR0000SAF","Food and beverages","2020-03"
"2020","M02","February",149.284,"SUUR0000SAF","Food and beverages","2020-02"
"2020","M01","January",148.829,"SUUR0000SAF","Food and beverages","2020-01"
"2019","M12","December",148.078,"SUUR0000SAF","Food and beverages","2019-12"
"2019","M11","November",147.972,"SUUR0000SAF","Food and beverages","2019-11"
"2019","M10","October",148.092,"SUUR0000SAF","Food and beverages","2019-10"
"2019","M09","September",147.772,"SUUR0000SAF","Food and beverages","2019-09"
"2019","M08","August",147.471,"SUUR0000SAF","Food and beverages","2019-08"
"2019","M07","July",147.391,"SUUR0000SAF","Food and beverages","2019-07"
"2019","M06","June",147.328,"SUUR0000SAF","Food and beverages","2019-06"
"2019","M05","May",147.407,"SUUR0000SAF","Food and beverages","2019-05"
"2019","M04","April",147.227,"SUUR0000SAF","Food and beverages","2019-04"
"2019","M03","March",147.237,"SUUR0000SAF","Food and beverages","2019-03"
"2019","M02","February",146.976,"SUUR0000SAF","Food and beverages","2019-02"
"2019","M01","January",146.555,"SUUR0000SAF","Food and beverages","2019-01"
"2021","M10","October",162.575,"SUUR0000SAF1","Food","2021-10"
"2021","M09","September",161.035,"SUUR0000SAF1","Food","2021-09"
"2021","M08","August",159.729,"SUUR0000SAF1","Food","2021-08"
"2021","M07","July",159.271,"SUUR0000SAF1","Food","2021-07"
"2021","M06","June",158.187,"SUUR0000SAF1","Food","2021-06"
"2021","M05","May",157.081,"SUUR0000SAF1","Food","2021-05"
"2021","M04","April",156.451,"SUUR0000SAF1","Food","2021-04"
"2021","M03","March",155.731,"SUUR0000SAF1","Food","2021-03"
"2021","M02","February",155.574,"SUUR0000SAF1","Food","2021-02"
"2021","M01","January",155.432,"SUUR0000SAF1","Food","2021-01"
"2020","M12","December",154.931,"SUUR0000SAF1","Food","2020-12"
"2020","M11","November",154.367,"SUUR0000SAF1","Food","2020-11"
"2020","M10","October",155.02,"SUUR0000SAF1","Food","2020-10"
"2020","M09","September",154.663,"SUUR0000SAF1","Food","2020-09"
"2020","M08","August",154.859,"SUUR0000SAF1","Food","2020-08"
"2020","M07","July",154.767,"SUUR0000SAF1","Food","2020-07"
"2020","M06","June",155.473,"SUUR0000SAF1","Food","2020-06"
"2020","M05","May",154.574,"SUUR0000SAF1","Food","2020-05"
"2020","M04","April",153.254,"SUUR0000SAF1","Food","2020-04"
"2020","M03","March",150.214,"SUUR0000SAF1","Food","2020-03"
"2020","M02","February",149.726,"SUUR0000SAF1","Food","2020-02"
"2020","M01","January",149.285,"SUUR0000SAF1","Food","2020-01"
"2019","M12","December",148.531,"SUUR0000SAF1","Food","2019-12"
"2019","M11","November",148.405,"SUUR0000SAF1","Food","2019-11"
"2019","M10","October",148.498,"SUUR0000SAF1","Food","2019-10"
"2019","M09","September",148.134,"SUUR0000SAF1","Food","2019-09"
"2019","M08","August",147.802,"SUUR0000SAF1","Food","2019-08"
"2019","M07","July",147.724,"SUUR0000SAF1","Food","2019-07"
"2019","M06","June",147.697,"SUUR0000SAF1","Food","2019-06"
"2019","M05","May",147.805,"SUUR0000SAF1","Food","2019-05"
"2019","M04","April",147.617,"SUUR0000SAF1","Food","2019-04"
"2019","M03","March",147.624,"SUUR0000SAF1","Food","2019-03"
"2019","M02","February",147.324,"SUUR0000SAF1","Food","2019-02"
"2019","M01","January",146.906,"SUUR0000SAF1","Food","2019-01"
"2021","M10","October",145.178,"SUUR0000SAF11","Food at home","2021-10"
"2021","M09","September",143.649,"SUUR0000SAF11","Food at home","2021-09"
"2021","M08","August",142.111,"SUUR0000SAF11","Food at home","2021-08"
"2021","M07","July",141.695,"SUUR0000SAF11","Food at home","2021-07"
"2021","M06","June",140.842,"SUUR0000SAF11","Food at home","2021-06"
"2021","M05","May",139.863,"SUUR0000SAF11","Food at home","2021-05"
"2021","M04","April",139.481,"SUUR0000SAF11","Food at home","2021-04"
"2021","M03","March",138.654,"SUUR0000SAF11","Food at home","2021-03"
"2021","M02","February",138.366,"SUUR0000SAF11","Food at home","2021-02"
"2021","M01","January",138.029,"SUUR0000SAF11","Food at home","2021-01"
"2020","M12","December",137.562,"SUUR0000SAF11","Food at home","2020-12"
"2020","M11","November",137.099,"SUUR0000SAF11","Food at home","2020-11"
"2020","M10","October",138.122,"SUUR0000SAF11","Food at home","2020-10"
"2020","M09","September",137.82,"SUUR0000SAF11","Food at home","2020-09"
"2020","M08","August",138.491,"SUUR0000SAF11","Food at home","2020-08"
"2020","M07","July",138.602,"SUUR0000SAF11","Food at home","2020-07"
"2020","M06","June",139.832,"SUUR0000SAF11","Food at home","2020-06"
"2020","M05","May",139.023,"SUUR0000SAF11","Food at home","2020-05"
"2020","M04","April",137.685,"SUUR0000SAF11","Food at home","2020-04"
"2020","M03","March",134.154,"SUUR0000SAF11","Food at home","2020-03"
"2020","M02","February",133.593,"SUUR0000SAF11","Food at home","2020-02"
"2020","M01","January",133.114,"SUUR0000SAF11","Food at home","2020-01"
"2019","M12","December",132.323,"SUUR0000SAF11","Food at home","2019-12"
"2019","M11","November",132.407,"SUUR0000SAF11","Food at home","2019-11"
"2019","M10","October",132.715,"SUUR0000SAF11","Food at home","2019-10"
"2019","M09","September",132.33,"SUUR0000SAF11","Food at home","2019-09"
"2019","M08","August",132.064,"SUUR0000SAF11","Food at home","2019-08"
"2019","M07","July",132.195,"SUUR0000SAF11","Food at home","2019-07"
"2019","M06","June",132.358,"SUUR0000SAF11","Food at home","2019-06"
"2019","M05","May",132.84,"SUUR0000SAF11","Food at home","2019-05"
"2019","M04","April",132.749,"SUUR0000SAF11","Food at home","2019-04"
"2019","M03","March",133.097,"SUUR0000SAF11","Food at home","2019-03"
"2019","M02","February",132.816,"SUUR0000SAF11","Food at home","2019-02"
"2019","M01","January",132.504,"SUUR0000SAF11","Food at home","2019-01"
"2021","M10","October",150.432,"SUUR0000SAF116","Alcoholic beverages","2021-10"
"2021","M09","September",150.569,"SUUR0000SAF116","Alcoholic beverages","2021-09"
"2021","M08","August",150.198,"SUUR0000SAF116","Alcoholic beverages","2021-08"
"2021","M07","July",149.585,"SUUR0000SAF116","Alcoholic beverages","2021-07"
"2021","M06","June",149.407,"SUUR0000SAF116","Alcoholic beverages","2021-06"
"2021","M05","May",148.731,"SUUR0000SAF116","Alcoholic beverages","2021-05"
"2021","M04","April",148.469,"SUUR0000SAF116","Alcoholic beverages","2021-04"
"2021","M03","March",148.133,"SUUR0000SAF116","Alcoholic beverages","2021-03"
"2021","M02","February",147.791,"SUUR0000SAF116","Alcoholic beverages","2021-02"
"2021","M01","January",147.643,"SUUR0000SAF116","Alcoholic beverages","2021-01"
"2020","M12","December",147.437,"SUUR0000SAF116","Alcoholic beverages","2020-12"
"2020","M11","November",147.593,"SUUR0000SAF116","Alcoholic beverages","2020-11"
"2020","M10","October",147.169,"SUUR0000SAF116","Alcoholic beverages","2020-10"
"2020","M09","September",146.411,"SUUR0000SAF116","Alcoholic beverages","2020-09"
"2020","M08","August",146.208,"SUUR0000SAF116","Alcoholic beverages","2020-08"
"2020","M07","July",146.143,"SUUR0000SAF116","Alcoholic beverages","2020-07"
"2020","M06","June",146.473,"SUUR0000SAF116","Alcoholic beverages","2020-06"
"2020","M05","May",146.889,"SUUR0000SAF116","Alcoholic beverages","2020-05"
"2020","M04","April",146.52,"SUUR0000SAF116","Alcoholic beverages","2020-04"
"2020","M03","March",145.198,"SUUR0000SAF116","Alcoholic beverages","2020-03"
"2020","M02","February",144.683,"SUUR0000SAF116","Alcoholic beverages","2020-02"
"2020","M01","January",144.039,"SUUR0000SAF116","Alcoholic beverages","2020-01"
"2019","M12","December",143.313,"SUUR0000SAF116","Alcoholic beverages","2019-12"
"2019","M11","November",143.464,"SUUR0000SAF116","Alcoholic beverages","2019-11"
"2019","M10","October",143.928,"SUUR0000SAF116","Alcoholic beverages","2019-10"
"2019","M09","September",144.172,"SUUR0000SAF116","Alcoholic beverages","2019-09"
"2019","M08","August",144.266,"SUUR0000SAF116","Alcoholic beverages","2019-08"
"2019","M07","July",144.161,"SUUR0000SAF116","Alcoholic beverages","2019-07"
"2019","M06","June",143.627,"SUUR0000SAF116","Alcoholic beverages","2019-06"
"2019","M05","May",143.296,"SUUR0000SAF116","Alcoholic beverages","2019-05"
"2019","M04","April",143.241,"SUUR0000SAF116","Alcoholic beverages","2019-04"
"2019","M03","March",143.301,"SUUR0000SAF116","Alcoholic beverages","2019-03"
"2019","M02","February",143.587,"SUUR0000SAF116","Alcoholic beverages","2019-02"
"2019","M01","January",143.111,"SUUR0000SAF116","Alcoholic beverages","2019-01"
"2021","M10","October",178.446,"SUUR0000SAG","Other goods and services","2021-10"
"2021","M09","September",176.984,"SUUR0000SAG","Other goods and services","2021-09"
"2021","M08","August",176.835,"SUUR0000SAG","Other goods and services","2021-08"
"2021","M07","July",176.165,"SUUR0000SAG","Other goods and services","2021-07"
"2021","M06","June",174.957,"SUUR0000SAG","Other goods and services","2021-06"
"2021","M05","May",174.718,"SUUR0000SAG","Other goods and services","2021-05"
"2021","M04","April",174.977,"SUUR0000SAG","Other goods and services","2021-04"
"2021","M03","March",174.609,"SUUR0000SAG","Other goods and services","2021-03"
"2021","M02","February",173.596,"SUUR0000SAG","Other goods and services","2021-02"
"2021","M01","January",172.88,"SUUR0000SAG","Other goods and services","2021-01"
"2020","M12","December",172.337,"SUUR0000SAG","Other goods and services","2020-12"
"2020","M11","November",172.325,"SUUR0000SAG","Other goods and services","2020-11"
"2020","M10","October",171.996,"SUUR0000SAG","Other goods and services","2020-10"
"2020","M09","September",171.824,"SUUR0000SAG","Other goods and services","2020-09"
"2020","M08","August",171.664,"SUUR0000SAG","Other goods and services","2020-08"
"2020","M07","July",172.005,"SUUR0000SAG","Other goods and services","2020-07"
"2020","M06","June",171.433,"SUUR0000SAG","Other goods and services","2020-06"
"2020","M05","May",170.702,"SUUR0000SAG","Other goods and services","2020-05"
"2020","M04","April",170.981,"SUUR0000SAG","Other goods and services","2020-04"
"2020","M03","March",171.17,"SUUR0000SAG","Other goods and services","2020-03"
"2020","M02","February",170.618,"SUUR0000SAG","Other goods and services","2020-02"
"2020","M01","January",169.854,"SUUR0000SAG","Other goods and services","2020-01"
"2019","M12","December",168.631,"SUUR0000SAG","Other goods and services","2019-12"
"2019","M11","November",169.174,"SUUR0000SAG","Other goods and services","2019-11"
"2019","M10","October",168.682,"SUUR0000SAG","Other goods and services","2019-10"
"2019","M09","September",167.995,"SUUR0000SAG","Other goods and services","2019-09"
"2019","M08","August",167.949,"SUUR0000SAG","Other goods and services","2019-08"
"2019","M07","July",167.584,"SUUR0000SAG","Other goods and services","2019-07"
"2019","M06","June",166.788,"SUUR0000SAG","Other goods and services","2019-06"
"2019","M05","May",166.942,"SUUR0000SAG","Other goods and services","2019-05"
"2019","M04","April",166.421,"SUUR0000SAG","Other goods and services","2019-04"
"2019","M03","March",166.298,"SUUR0000SAG","Other goods and services","2019-03"
"2019","M02","February",166.522,"SUUR0000SAG","Other goods and services","2019-02"
"2019","M01","January",165.852,"SUUR0000SAG","Other goods and services","2019-01"
"2021","M10","October",166.528,"SUUR0000SAH","Housing","2021-10"
"2021","M09","September",165.642,"SUUR0000SAH","Housing","2021-09"
"2021","M08","August",164.855,"SUUR0000SAH","Housing","2021-08"
"2021","M07","July",164.404,"SUUR0000SAH","Housing","2021-07"
"2021","M06","June",163.678,"SUUR0000SAH","Housing","2021-06"
"2021","M05","May",162.677,"SUUR0000SAH","Housing","2021-05"
"2021","M04","April",161.867,"SUUR0000SAH","Housing","2021-04"
"2021","M03","March",161.123,"SUUR0000SAH","Housing","2021-03"
"2021","M02","February",160.583,"SUUR0000SAH","Housing","2021-02"
"2021","M01","January",160.123,"SUUR0000SAH","Housing","2021-01"
"2020","M12","December",159.735,"SUUR0000SAH","Housing","2020-12"
"2020","M11","November",159.52,"SUUR0000SAH","Housing","2020-11"
"2020","M10","October",159.373,"SUUR0000SAH","Housing","2020-10"
"2020","M09","September",159.344,"SUUR0000SAH","Housing","2020-09"
"2020","M08","August",159.188,"SUUR0000SAH","Housing","2020-08"
"2020","M07","July",158.945,"SUUR0000SAH","Housing","2020-07"
"2020","M06","June",158.643,"SUUR0000SAH","Housing","2020-06"
"2020","M05","May",158.086,"SUUR0000SAH","Housing","2020-05"
"2020","M04","April",157.715,"SUUR0000SAH","Housing","2020-04"
"2020","M03","March",157.63,"SUUR0000SAH","Housing","2020-03"
"2020","M02","February",157.666,"SUUR0000SAH","Housing","2020-02"
"2020","M01","January",157.285,"SUUR0000SAH","Housing","2020-01"
"2019","M12","December",156.562,"SUUR0000SAH","Housing","2019-12"
"2019","M11","November",156.371,"SUUR0000SAH","Housing","2019-11"
"2019","M10","October",156.324,"SUUR0000SAH","Housing","2019-10"
"2019","M09","September",156.415,"SUUR0000SAH","Housing","2019-09"
"2019","M08","August",156.085,"SUUR0000SAH","Housing","2019-08"
"2019","M07","July",156.055,"SUUR0000SAH","Housing","2019-07"
"2019","M06","June",155.699,"SUUR0000SAH","Housing","2019-06"
"2019","M05","May",154.99,"SUUR0000SAH","Housing","2019-05"
"2019","M04","April",154.579,"SUUR0000SAH","Housing","2019-04"
"2019","M03","March",154.284,"SUUR0000SAH","Housing","2019-03"
"2019","M02","February",153.785,"SUUR0000SAH","Housing","2019-02"
"2019","M01","January",153.374,"SUUR0000SAH","Housing","2019-01"
"2021","M10","October",177.232,"SUUR0000SAH1","Shelter","2021-10"
"2021","M09","September",176.608,"SUUR0000SAH1","Shelter","2021-09"
"2021","M08","August",175.991,"SUUR0000SAH1","Shelter","2021-08"
"2021","M07","July",175.74,"SUUR0000SAH1","Shelter","2021-07"
"2021","M06","June",174.914,"SUUR0000SAH1","Shelter","2021-06"
"2021","M05","May",173.996,"SUUR0000SAH1","Shelter","2021-05"
"2021","M04","April",173.403,"SUUR0000SAH1","Shelter","2021-04"
"2021","M03","March",172.737,"SUUR0000SAH1","Shelter","2021-03"
"2021","M02","February",172.125,"SUUR0000SAH1","Shelter","2021-02"
"2021","M01","January",171.737,"SUUR0000SAH1","Shelter","2021-01"
"2020","M12","December",171.421,"SUUR0000SAH1","Shelter","2020-12"
"2020","M11","November",171.238,"SUUR0000SAH1","Shelter","2020-11"
"2020","M10","October",171.106,"SUUR0000SAH1","Shelter","2020-10"
"2020","M09","September",170.852,"SUUR0000SAH1","Shelter","2020-09"
"2020","M08","August",170.781,"SUUR0000SAH1","Shelter","2020-08"
"2020","M07","July",170.554,"SUUR0000SAH1","Shelter","2020-07"
"2020","M06","June",170.154,"SUUR0000SAH1","Shelter","2020-06"
"2020","M05","May",169.95,"SUUR0000SAH1","Shelter","2020-05"
"2020","M04","April",169.608,"SUUR0000SAH1","Shelter","2020-04"
"2020","M03","March",169.491,"SUUR0000SAH1","Shelter","2020-03"
"2020","M02","February",169.3,"SUUR0000SAH1","Shelter","2020-02"
"2020","M01","January",168.709,"SUUR0000SAH1","Shelter","2020-01"
"2019","M12","December",168.046,"SUUR0000SAH1","Shelter","2019-12"
"2019","M11","November",167.743,"SUUR0000SAH1","Shelter","2019-11"
"2019","M10","October",167.534,"SUUR0000SAH1","Shelter","2019-10"
"2019","M09","September",167.586,"SUUR0000SAH1","Shelter","2019-09"
"2019","M08","August",167.105,"SUUR0000SAH1","Shelter","2019-08"
"2019","M07","July",166.903,"SUUR0000SAH1","Shelter","2019-07"
"2019","M06","June",166.5,"SUUR0000SAH1","Shelter","2019-06"
"2019","M05","May",165.952,"SUUR0000SAH1","Shelter","2019-05"
"2019","M04","April",165.459,"SUUR0000SAH1","Shelter","2019-04"
"2019","M03","March",164.845,"SUUR0000SAH1","Shelter","2019-03"
"2019","M02","February",164.177,"SUUR0000SAH1","Shelter","2019-02"
"2019","M01","January",163.577,"SUUR0000SAH1","Shelter","2019-01"
"2021","M10","October",196.689,"SUUR0000SAH2","Fuels and utilities","2021-10"
"2021","M09","September",194.029,"SUUR0000SAH2","Fuels and utilities","2021-09"
"2021","M08","August",192.46,"SUUR0000SAH2","Fuels and utilities","2021-08"
"2021","M07","July",191.057,"SUUR0000SAH2","Fuels and utilities","2021-07"
"2021","M06","June",189.656,"SUUR0000SAH2","Fuels and utilities","2021-06"
"2021","M05","May",186.134,"SUUR0000SAH2","Fuels and utilities","2021-05"
"2021","M04","April",184.518,"SUUR0000SAH2","Fuels and utilities","2021-04"
"2021","M03","March",183.303,"SUUR0000SAH2","Fuels and utilities","2021-03"
"2021","M02","February",182.948,"SUUR0000SAH2","Fuels and utilities","2021-02"
"2021","M01","January",181.235,"SUUR0000SAH2","Fuels and utilities","2021-01"
"2020","M12","December",180.033,"SUUR0000SAH2","Fuels and utilities","2020-12"
"2020","M11","November",178.942,"SUUR0000SAH2","Fuels and utilities","2020-11"
"2020","M10","October",178.403,"SUUR0000SAH2","Fuels and utilities","2020-10"
"2020","M09","September",179.466,"SUUR0000SAH2","Fuels and utilities","2020-09"
"2020","M08","August",178.49,"SUUR0000SAH2","Fuels and utilities","2020-08"
"2020","M07","July",178.724,"SUUR0000SAH2","Fuels and utilities","2020-07"
"2020","M06","June",178.418,"SUUR0000SAH2","Fuels and utilities","2020-06"
"2020","M05","May",175.246,"SUUR0000SAH2","Fuels and utilities","2020-05"
"2020","M04","April",174.852,"SUUR0000SAH2","Fuels and utilities","2020-04"
"2020","M03","March",175.946,"SUUR0000SAH2","Fuels and utilities","2020-03"
"2020","M02","February",177.596,"SUUR0000SAH2","Fuels and utilities","2020-02"
"2020","M01","January",178.446,"SUUR0000SAH2","Fuels and utilities","2020-01"
"2019","M12","December",177.058,"SUUR0000SAH2","Fuels and utilities","2019-12"
"2019","M11","November",176.704,"SUUR0000SAH2","Fuels and utilities","2019-11"
"2019","M10","October",177.267,"SUUR0000SAH2","Fuels and utilities","2019-10"
"2019","M09","September",178.477,"SUUR0000SAH2","Fuels and utilities","2019-09"
"2019","M08","August",179.143,"SUUR0000SAH2","Fuels and utilities","2019-08"
"2019","M07","July",179.622,"SUUR0000SAH2","Fuels and utilities","2019-07"
"2019","M06","June",179.145,"SUUR0000SAH2","Fuels and utilities","2019-06"
"2019","M05","May",176.568,"SUUR0000SAH2","Fuels and utilities","2019-05"
"2019","M04","April",176.039,"SUUR0000SAH2","Fuels and utilities","2019-04"
"2019","M03","March",176.733,"SUUR0000SAH2","Fuels and utilities","2019-03"
"2019","M02","February",176.726,"SUUR0000SAH2","Fuels and utilities","2019-02"
"2019","M01","January",177.45,"SUUR0000SAH2","Fuels and utilities","2019-01"
"2021","M10","October",95.811,"SUUR0000SAH3","Household furnishings and operations","2021-10"
"2021","M09","September",94.864,"SUUR0000SAH3","Household furnishings and operations","2021-09"
"2021","M08","August",93.887,"SUUR0000SAH3","Household furnishings and operations","2021-08"
"2021","M07","July",93.185,"SUUR0000SAH3","Household furnishings and operations","2021-07"
"2021","M06","June",93.218,"SUUR0000SAH3","Household furnishings and operations","2021-06"
"2021","M05","May",93.202,"SUUR0000SAH3","Household furnishings and operations","2021-05"
"2021","M04","April",92.046,"SUUR0000SAH3","Household furnishings and operations","2021-04"
"2021","M03","March",91.313,"SUUR0000SAH3","Household furnishings and operations","2021-03"
"2021","M02","February",91.007,"SUUR0000SAH3","Household furnishings and operations","2021-02"
"2021","M01","January",90.918,"SUUR0000SAH3","Household furnishings and operations","2021-01"
"2020","M12","December",90.696,"SUUR0000SAH3","Household furnishings and operations","2020-12"
"2020","M11","November",90.793,"SUUR0000SAH3","Household furnishings and operations","2020-11"
"2020","M10","October",90.778,"SUUR0000SAH3","Household furnishings and operations","2020-10"
"2020","M09","September",91.081,"SUUR0000SAH3","Household furnishings and operations","2020-09"
"2020","M08","August",91.012,"SUUR0000SAH3","Household furnishings and operations","2020-08"
"2020","M07","July",90.521,"SUUR0000SAH3","Household furnishings and operations","2020-07"
"2020","M06","June",90.611,"SUUR0000SAH3","Household furnishings and operations","2020-06"
"2020","M05","May",90.028,"SUUR0000SAH3","Household furnishings and operations","2020-05"
"2020","M04","April",89.608,"SUUR0000SAH3","Household furnishings and operations","2020-04"
"2020","M03","March",89.046,"SUUR0000SAH3","Household furnishings and operations","2020-03"
"2020","M02","February",89.156,"SUUR0000SAH3","Household furnishings and operations","2020-02"
"2020","M01","January",88.988,"SUUR0000SAH3","Household furnishings and operations","2020-01"
"2019","M12","December",88.448,"SUUR0000SAH3","Household furnishings and operations","2019-12"
"2019","M11","November",88.745,"SUUR0000SAH3","Household furnishings and operations","2019-11"
"2019","M10","October",89.022,"SUUR0000SAH3","Household furnishings and operations","2019-10"
"2019","M09","September",88.706,"SUUR0000SAH3","Household furnishings and operations","2019-09"
"2019","M08","August",88.506,"SUUR0000SAH3","Household furnishings and operations","2019-08"
"2019","M07","July",88.853,"SUUR0000SAH3","Household furnishings and operations","2019-07"
"2019","M06","June",88.77,"SUUR0000SAH3","Household furnishings and operations","2019-06"
"2019","M05","May",88.351,"SUUR0000SAH3","Household furnishings and operations","2019-05"
"2019","M04","April",88.299,"SUUR0000SAH3","Household furnishings and operations","2019-04"
"2019","M03","March",88.749,"SUUR0000SAH3","Household furnishings and operations","2019-03"
"2019","M02","February",88.736,"SUUR0000SAH3","Household furnishings and operations","2019-02"
"2019","M01","January",88.477,"SUUR0000SAH3","Household furnishings and operations","2019-01"
"2021","M10","October",201.007,"SUUR0000SAM","Medical care","2021-10"
"2021","M09","September",199.997,"SUUR0000SAM","Medical care","2021-09"
"2021","M08","August",200.136,"SUUR0000SAM","Medical care","2021-08"
"2021","M07","July",199.735,"SUUR0000SAM","Medical care","2021-07"
"2021","M06","June",199.231,"SUUR0000SAM","Medical care","2021-06"
"2021","M05","May",199.578,"SUUR0000SAM","Medical care","2021-05"
"2021","M04","April",199.813,"SUUR0000SAM","Medical care","2021-04"
"2021","M03","March",199.886,"SUUR0000SAM","Medical care","2021-03"
"2021","M02","February",199.674,"SUUR0000SAM","Medical care","2021-02"
"2021","M01","January",198.805,"SUUR0000SAM","Medical care","2021-01"
"2020","M12","December",197.529,"SUUR0000SAM","Medical care","2020-12"
"2020","M11","November",197.832,"SUUR0000SAM","Medical care","2020-11"
"2020","M10","October",198.093,"SUUR0000SAM","Medical care","2020-10"
"2020","M09","September",198.674,"SUUR0000SAM","Medical care","2020-09"
"2020","M08","August",198.805,"SUUR0000SAM","Medical care","2020-08"
"2020","M07","July",198.661,"SUUR0000SAM","Medical care","2020-07"
"2020","M06","June",198.025,"SUUR0000SAM","Medical care","2020-06"
"2020","M05","May",197.531,"SUUR0000SAM","Medical care","2020-05"
"2020","M04","April",196.899,"SUUR0000SAM","Medical care","2020-04"
"2020","M03","March",196.531,"SUUR0000SAM","Medical care","2020-03"
"2020","M02","February",196.045,"SUUR0000SAM","Medical care","2020-02"
"2020","M01","January",195.414,"SUUR0000SAM","Medical care","2020-01"
"2019","M12","December",194.678,"SUUR0000SAM","Medical care","2019-12"
"2019","M11","November",194.233,"SUUR0000SAM","Medical care","2019-11"
"2019","M10","October",193.749,"SUUR0000SAM","Medical care","2019-10"
"2019","M09","September",192.449,"SUUR0000SAM","Medical care","2019-09"
"2019","M08","August",192.296,"SUUR0000SAM","Medical care","2019-08"
"2019","M07","July",191.158,"SUUR0000SAM","Medical care","2019-07"
"2019","M06","June",190.43,"SUUR0000SAM","Medical care","2019-06"
"2019","M05","May",190.157,"SUUR0000SAM","Medical care","2019-05"
"2019","M04","April",189.513,"SUUR0000SAM","Medical care","2019-04"
"2019","M03","March",189.21,"SUUR0000SAM","Medical care","2019-03"
"2019","M02","February",188.896,"SUUR0000SAM","Medical care","2019-02"
"2019","M01","January",188.415,"SUUR0000SAM","Medical care","2019-01"
"2021","M10","October",155.282,"SUUR0000SAM1","Medical care commodities","2021-10"
"2021","M09","September",154.396,"SUUR0000SAM1","Medical care commodities","2021-09"
"2021","M08","August",153.919,"SUUR0000SAM1","Medical care commodities","2021-08"
"2021","M07","July",154.18,"SUUR0000SAM1","Medical care commodities","2021-07"
"2021","M06","June",153.933,"SUUR0000SAM1","Medical care commodities","2021-06"
"2021","M05","May",154.527,"SUUR0000SAM1","Medical care commodities","2021-05"
"2021","M04","April",154.573,"SUUR0000SAM1","Medical care commodities","2021-04"
"2021","M03","March",153.862,"SUUR0000SAM1","Medical care commodities","2021-03"
"2021","M02","February",153.771,"SUUR0000SAM1","Medical care commodities","2021-02"
"2021","M01","January",154.623,"SUUR0000SAM1","Medical care commodities","2021-01"
"2020","M12","December",154.8,"SUUR0000SAM1","Medical care commodities","2020-12"
"2020","M11","November",155.221,"SUUR0000SAM1","Medical care commodities","2020-11"
"2020","M10","October",156.077,"SUUR0000SAM1","Medical care commodities","2020-10"
"2020","M09","September",157.08,"SUUR0000SAM1","Medical care commodities","2020-09"
"2020","M08","August",158.072,"SUUR0000SAM1","Medical care commodities","2020-08"
"2020","M07","July",157.749,"SUUR0000SAM1","Medical care commodities","2020-07"
"2020","M06","June",157.716,"SUUR0000SAM1","Medical care commodities","2020-06"
"2020","M05","May",157.763,"SUUR0000SAM1","Medical care commodities","2020-05"
"2020","M04","April",157.558,"SUUR0000SAM1","Medical care commodities","2020-04"
"2020","M03","March",157.89,"SUUR0000SAM1","Medical care commodities","2020-03"
"2020","M02","February",157.857,"SUUR0000SAM1","Medical care commodities","2020-02"
"2020","M01","January",158.126,"SUUR0000SAM1","Medical care commodities","2020-01"
"2019","M12","December",158.762,"SUUR0000SAM1","Medical care commodities","2019-12"
"2019","M11","November",158.015,"SUUR0000SAM1","Medical care commodities","2019-11"
"2019","M10","October",158.173,"SUUR0000SAM1","Medical care commodities","2019-10"
"2019","M09","September",157.33,"SUUR0000SAM1","Medical care commodities","2019-09"
"2019","M08","August",158.628,"SUUR0000SAM1","Medical care commodities","2019-08"
"2019","M07","July",157.613,"SUUR0000SAM1","Medical care commodities","2019-07"
"2019","M06","June",157.235,"SUUR0000SAM1","Medical care commodities","2019-06"
"2019","M05","May",157.675,"SUUR0000SAM1","Medical care commodities","2019-05"
"2019","M04","April",157.615,"SUUR0000SAM1","Medical care commodities","2019-04"
"2019","M03","March",156.889,"SUUR0000SAM1","Medical care commodities","2019-03"
"2019","M02","February",156.379,"SUUR0000SAM1","Medical care commodities","2019-02"
"2019","M01","January",157.088,"SUUR0000SAM1","Medical care commodities","2019-01"
"2021","M10","October",217.028,"SUUR0000SAM2","Medical care services","2021-10"
"2021","M09","September",215.972,"SUUR0000SAM2","Medical care services","2021-09"
"2021","M08","August",216.308,"SUUR0000SAM2","Medical care services","2021-08"
"2021","M07","July",215.693,"SUUR0000SAM2","Medical care services","2021-07"
"2021","M06","June",215.104,"SUUR0000SAM2","Medical care services","2021-06"
"2021","M05","May",215.374,"SUUR0000SAM2","Medical care services","2021-05"
"2021","M04","April",215.671,"SUUR0000SAM2","Medical care services","2021-04"
"2021","M03","March",215.996,"SUUR0000SAM2","Medical care services","2021-03"
"2021","M02","February",215.743,"SUUR0000SAM2","Medical care services","2021-02"
"2021","M01","January",214.32,"SUUR0000SAM2","Medical care services","2021-01"
"2020","M12","December",212.575,"SUUR0000SAM2","Medical care services","2020-12"
"2020","M11","November",212.842,"SUUR0000SAM2","Medical care services","2020-11"
"2020","M10","October",212.915,"SUUR0000SAM2","Medical care services","2020-10"
"2020","M09","September",213.369,"SUUR0000SAM2","Medical care services","2020-09"
"2020","M08","August",213.237,"SUUR0000SAM2","Medical care services","2020-08"
"2020","M07","July",213.148,"SUUR0000SAM2","Medical care services","2020-07"
"2020","M06","June",212.323,"SUUR0000SAM2","Medical care services","2020-06"
"2020","M05","May",211.658,"SUUR0000SAM2","Medical care services","2020-05"
"2020","M04","April",210.883,"SUUR0000SAM2","Medical care services","2020-04"
"2020","M03","March",210.279,"SUUR0000SAM2","Medical care services","2020-03"
"2020","M02","February",209.641,"SUUR0000SAM2","Medical care services","2020-02"
"2020","M01","January",208.707,"SUUR0000SAM2","Medical care services","2020-01"
"2019","M12","December",207.516,"SUUR0000SAM2","Medical care services","2019-12"
"2019","M11","November",207.155,"SUUR0000SAM2","Medical care services","2019-11"
"2019","M10","October",206.483,"SUUR0000SAM2","Medical care services","2019-10"
"2019","M09","September",205.033,"SUUR0000SAM2","Medical care services","2019-09"
"2019","M08","August",204.427,"SUUR0000SAM2","Medical care services","2019-08"
"2019","M07","July",203.241,"SUUR0000SAM2","Medical care services","2019-07"
"2019","M06","June",202.404,"SUUR0000SAM2","Medical care services","2019-06"
"2019","M05","May",201.919,"SUUR0000SAM2","Medical care services","2019-05"
"2019","M04","April",201.088,"SUUR0000SAM2","Medical care services","2019-04"
"2019","M03","March",200.906,"SUUR0000SAM2","Medical care services","2019-03"
"2019","M02","February",200.645,"SUUR0000SAM2","Medical care services","2019-02"
"2019","M01","January",199.81,"SUUR0000SAM2","Medical care services","2019-01"
"2021","M10","October",154.453,"SUUR0000SAN","Nondurables","2021-10"
"2021","M09","September",152.565,"SUUR0000SAN","Nondurables","2021-09"
"2021","M08","August",151.392,"SUUR0000SAN","Nondurables","2021-08"
"2021","M07","July",150.685,"SUUR0000SAN","Nondurables","2021-07"
"2021","M06","June",149.726,"SUUR0000SAN","Nondurables","2021-06"
"2021","M05","May",148.855,"SUUR0000SAN","Nondurables","2021-05"
"2021","M04","April",147.718,"SUUR0000SAN","Nondurables","2021-04"
"2021","M03","March",146.82,"SUUR0000SAN","Nondurables","2021-03"
"2021","M02","February",144.588,"SUUR0000SAN","Nondurables","2021-02"
"2021","M01","January",142.998,"SUUR0000SAN","Nondurables","2021-01"
"2020","M12","December",140.975,"SUUR0000SAN","Nondurables","2020-12"
"2020","M11","November",140.695,"SUUR0000SAN","Nondurables","2020-11"
"2020","M10","October",141.755,"SUUR0000SAN","Nondurables","2020-10"
"2020","M09","September",141.954,"SUUR0000SAN","Nondurables","2020-09"
"2020","M08","August",141.726,"SUUR0000SAN","Nondurables","2020-08"
"2020","M07","July",141.346,"SUUR0000SAN","Nondurables","2020-07"
"2020","M06","June",140.933,"SUUR0000SAN","Nondurables","2020-06"
"2020","M05","May",139.012,"SUUR0000SAN","Nondurables","2020-05"
"2020","M04","April",138.785,"SUUR0000SAN","Nondurables","2020-04"
"2020","M03","March",140.437,"SUUR0000SAN","Nondurables","2020-03"
"2020","M02","February",141.441,"SUUR0000SAN","Nondurables","2020-02"
"2020","M01","January",141.37,"SUUR0000SAN","Nondurables","2020-01"
"2019","M12","December",140.738,"SUUR0000SAN","Nondurables","2019-12"
"2019","M11","November",141.63,"SUUR0000SAN","Nondurables","2019-11"
"2019","M10","October",142.282,"SUUR0000SAN","Nondurables","2019-10"
"2019","M09","September",141.839,"SUUR0000SAN","Nondurables","2019-09"
"2019","M08","August",141.55,"SUUR0000SAN","Nondurables","2019-08"
"2019","M07","July",142.075,"SUUR0000SAN","Nondurables","2019-07"
"2019","M06","June",142.065,"SUUR0000SAN","Nondurables","2019-06"
"2019","M05","May",143.292,"SUUR0000SAN","Nondurables","2019-05"
"2019","M04","April",142.826,"SUUR0000SAN","Nondurables","2019-04"
"2019","M03","March",141.11,"SUUR0000SAN","Nondurables","2019-03"
"2019","M02","February",139.326,"SUUR0000SAN","Nondurables","2019-02"
"2019","M01","January",138.185,"SUUR0000SAN","Nondurables","2019-01"
"2021","M10","October",109.218,"SUUR0000SAR","Recreation","2021-10"
"2021","M09","September",108.511,"SUUR0000SAR","Recreation","2021-09"
"2021","M08","August",108.365,"SUUR0000SAR","Recreation","2021-08"
"2021","M07","July",107.854,"SUUR0000SAR","Recreation","2021-07"
"2021","M06","June",107.251,"SUUR0000SAR","Recreation","2021-06"
"2021","M05","May",107.178,"SUUR0000SAR","Recreation","2021-05"
"2021","M04","April",107.002,"SUUR0000SAR","Recreation","2021-04"
"2021","M03","March",106.131,"SUUR0000SAR","Recreation","2021-03"
"2021","M02","February",105.615,"SUUR0000SAR","Recreation","2021-02"
"2021","M01","January",104.864,"SUUR0000SAR","Recreation","2021-01"
"2020","M12","December",105.375,"SUUR0000SAR","Recreation","2020-12"
"2020","M11","November",105.396,"SUUR0000SAR","Recreation","2020-11"
"2020","M10","October",105.353,"SUUR0000SAR","Recreation","2020-10"
"2020","M09","September",105.242,"SUUR0000SAR","Recreation","2020-09"
"2020","M08","August",104.06,"SUUR0000SAR","Recreation","2020-08"
"2020","M07","July",103.477,"SUUR0000SAR","Recreation","2020-07"
"2020","M06","June",104.694,"SUUR0000SAR","Recreation","2020-06"
"2020","M05","May",104.768,"SUUR0000SAR","Recreation","2020-05"
"2020","M04","April",104.505,"SUUR0000SAR","Recreation","2020-04"
"2020","M03","March",104.652,"SUUR0000SAR","Recreation","2020-03"
"2020","M02","February",104.49,"SUUR0000SAR","Recreation","2020-02"
"2020","M01","January",104.176,"SUUR0000SAR","Recreation","2020-01"
"2019","M12","December",103.725,"SUUR0000SAR","Recreation","2019-12"
"2019","M11","November",103.983,"SUUR0000SAR","Recreation","2019-11"
"2019","M10","October",103.754,"SUUR0000SAR","Recreation","2019-10"
"2019","M09","September",103.443,"SUUR0000SAR","Recreation","2019-09"
"2019","M08","August",103.76,"SUUR0000SAR","Recreation","2019-08"
"2019","M07","July",103.625,"SUUR0000SAR","Recreation","2019-07"
"2019","M06","June",103.664,"SUUR0000SAR","Recreation","2019-06"
"2019","M05","May",103.644,"SUUR0000SAR","Recreation","2019-05"
"2019","M04","April",104.166,"SUUR0000SAR","Recreation","2019-04"
"2019","M03","March",104.145,"SUUR0000SAR","Recreation","2019-03"
"2019","M02","February",103.83,"SUUR0000SAR","Recreation","2019-02"
"2019","M01","January",103.612,"SUUR0000SAR","Recreation","2019-01"
"2021","M10","October",176.406,"SUUR0000SAS","Services","2021-10"
"2021","M09","September",175.581,"SUUR0000SAS","Services","2021-09"
"2021","M08","August",175.265,"SUUR0000SAS","Services","2021-08"
"2021","M07","July",175.194,"SUUR0000SAS","Services","2021-07"
"2021","M06","June",174.622,"SUUR0000SAS","Services","2021-06"
"2021","M05","May",173.713,"SUUR0000SAS","Services","2021-05"
"2021","M04","April",172.893,"SUUR0000SAS","Services","2021-04"
"2021","M03","March",171.969,"SUUR0000SAS","Services","2021-03"
"2021","M02","February",171.366,"SUUR0000SAS","Services","2021-02"
"2021","M01","January",170.745,"SUUR0000SAS","Services","2021-01"
"2020","M12","December",170.546,"SUUR0000SAS","Services","2020-12"
"2020","M11","November",170.352,"SUUR0000SAS","Services","2020-11"
"2020","M10","October",169.946,"SUUR0000SAS","Services","2020-10"
"2020","M09","September",169.965,"SUUR0000SAS","Services","2020-09"
"2020","M08","August",169.9,"SUUR0000SAS","Services","2020-08"
"2020","M07","July",169.702,"SUUR0000SAS","Services","2020-07"
"2020","M06","June",168.729,"SUUR0000SAS","Services","2020-06"
"2020","M05","May",167.989,"SUUR0000SAS","Services","2020-05"
"2020","M04","April",168.309,"SUUR0000SAS","Services","2020-04"
"2020","M03","March",168.893,"SUUR0000SAS","Services","2020-03"
"2020","M02","February",168.905,"SUUR0000SAS","Services","2020-02"
"2020","M01","January",168.345,"SUUR0000SAS","Services","2020-01"
"2019","M12","December",167.681,"SUUR0000SAS","Services","2019-12"
"2019","M11","November",167.577,"SUUR0000SAS","Services","2019-11"
"2019","M10","October",167.321,"SUUR0000SAS","Services","2019-10"
"2019","M09","September",167.118,"SUUR0000SAS","Services","2019-09"
"2019","M08","August",166.807,"SUUR0000SAS","Services","2019-08"
"2019","M07","July",166.562,"SUUR0000SAS","Services","2019-07"
"2019","M06","June",166.308,"SUUR0000SAS","Services","2019-06"
"2019","M05","May",165.69,"SUUR0000SAS","Services","2019-05"
"2019","M04","April",165.307,"SUUR0000SAS","Services","2019-04"
"2019","M03","March",164.91,"SUUR0000SAS","Services","2019-03"
"2019","M02","February",164.494,"SUUR0000SAS","Services","2019-02"
"2019","M01","January",164.047,"SUUR0000SAS","Services","2019-01"
"2021","M10","October",159.945,"SUUR0000SAT","Transportation","2021-10"
"2021","M09","September",156.9,"SUUR0000SAT","Transportation","2021-09"
"2021","M08","August",158.129,"SUUR0000SAT","Transportation","2021-08"
"2021","M07","July",159.132,"SUUR0000SAT","Transportation","2021-07"
"2021","M06","June",157.917,"SUUR0000SAT","Transportation","2021-06"
"2021","M05","May",152.95,"SUUR0000SAT","Transportation","2021-05"
"2021","M04","April",148.236,"SUUR0000SAT","Transportation","2021-04"
"2021","M03","March",143.735,"SUUR0000SAT","Transportation","2021-03"
"2021","M02","February",139.351,"SUUR0000SAT","Transportation","2021-02"
"2021","M01","January",137.009,"SUUR0000SAT","Transportation","2021-01"
"2020","M12","December",135.49,"SUUR0000SAT","Transportation","2020-12"
"2020","M11","November",134.673,"SUUR0000SAT","Transportation","2020-11"
"2020","M10","October",134.635,"SUUR0000SAT","Transportation","2020-10"
"2020","M09","September",134.857,"SUUR0000SAT","Transportation","2020-09"
"2020","M08","August",135.057,"SUUR0000SAT","Transportation","2020-08"
"2020","M07","July",133.626,"SUUR0000SAT","Transportation","2020-07"
"2020","M06","June",129.496,"SUUR0000SAT","Transportation","2020-06"
"2020","M05","May",126.9,"SUUR0000SAT","Transportation","2020-05"
"2020","M04","April",129.344,"SUUR0000SAT","Transportation","2020-04"
"2020","M03","March",136.106,"SUUR0000SAT","Transportation","2020-03"
"2020","M02","February",138.306,"SUUR0000SAT","Transportation","2020-02"
"2020","M01","January",138.524,"SUUR0000SAT","Transportation","2020-01"
"2019","M12","December",138.643,"SUUR0000SAT","Transportation","2019-12"
"2019","M11","November",139.43,"SUUR0000SAT","Transportation","2019-11"
"2019","M10","October",139.854,"SUUR0000SAT","Transportation","2019-10"
"2019","M09","September",139.191,"SUUR0000SAT","Transportation","2019-09"
"2019","M08","August",140.589,"SUUR0000SAT","Transportation","2019-08"
"2019","M07","July",141.981,"SUUR0000SAT","Transportation","2019-07"
"2019","M06","June",141.865,"SUUR0000SAT","Transportation","2019-06"
"2019","M05","May",142.906,"SUUR0000SAT","Transportation","2019-05"
"2019","M04","April",142.347,"SUUR0000SAT","Transportation","2019-04"
"2019","M03","March",139.382,"SUUR0000SAT","Transportation","2019-03"
"2019","M02","February",136.463,"SUUR0000SAT","Transportation","2019-02"
"2019","M01","January",135.234,"SUUR0000SAT","Transportation","2019-01"
"2021","M10","October",167.616,"SUUR0000SAT1","Private transportation","2021-10"
"2021","M09","September",164.395,"SUUR0000SAT1","Private transportation","2021-09"
"2021","M08","August",165.132,"SUUR0000SAT1","Private transportation","2021-08"
"2021","M07","July",165.072,"SUUR0000SAT1","Private transportation","2021-07"
"2021","M06","June",163.239,"SUUR0000SAT1","Private transportation","2021-06"
"2021","M05","May",157.931,"SUUR0000SAT1","Private transportation","2021-05"
"2021","M04","April",153.638,"SUUR0000SAT1","Private transportation","2021-04"
"2021","M03","March",149.601,"SUUR0000SAT1","Private transportation","2021-03"
"2021","M02","February",144.704,"SUUR0000SAT1","Private transportation","2021-02"
"2021","M01","January",142.055,"SUUR0000SAT1","Private transportation","2021-01"
"2020","M12","December",140.162,"SUUR0000SAT1","Private transportation","2020-12"
"2020","M11","November",139.149,"SUUR0000SAT1","Private transportation","2020-11"
"2020","M10","October",139.159,"SUUR0000SAT1","Private transportation","2020-10"
"2020","M09","September",139.437,"SUUR0000SAT1","Private transportation","2020-09"
"2020","M08","August",139.725,"SUUR0000SAT1","Private transportation","2020-08"
"2020","M07","July",138.109,"SUUR0000SAT1","Private transportation","2020-07"
"2020","M06","June",133.766,"SUUR0000SAT1","Private transportation","2020-06"
"2020","M05","May",131.07,"SUUR0000SAT1","Private transportation","2020-05"
"2020","M04","April",133.599,"SUUR0000SAT1","Private transportation","2020-04"
"2020","M03","March",140.505,"SUUR0000SAT1","Private transportation","2020-03"
"2020","M02","February",142.165,"SUUR0000SAT1","Private transportation","2020-02"
"2020","M01","January",142.716,"SUUR0000SAT1","Private transportation","2020-01"
"2019","M12","December",142.94,"SUUR0000SAT1","Private transportation","2019-12"
"2019","M11","November",143.246,"SUUR0000SAT1","Private transportation","2019-11"
"2019","M10","October",143.717,"SUUR0000SAT1","Private transportation","2019-10"
"2019","M09","September",143.174,"SUUR0000SAT1","Private transportation","2019-09"
"2019","M08","August",144.783,"SUUR0000SAT1","Private transportation","2019-08"
"2019","M07","July",146.058,"SUUR0000SAT1","Private transportation","2019-07"
"2019","M06","June",145.413,"SUUR0000SAT1","Private transportation","2019-06"
"2019","M05","May",146.522,"SUUR0000SAT1","Private transportation","2019-05"
"2019","M04","April",146.323,"SUUR0000SAT1","Private transportation","2019-04"
"2019","M03","March",143.287,"SUUR0000SAT1","Private transportation","2019-03"
"2019","M02","February",140.094,"SUUR0000SAT1","Private transportation","2019-02"
"2019","M01","January",139.044,"SUUR0000SAT1","Private transportation","2019-01"
"2021","M10","October",188.377,"SUUR0000SEFV","Food away from home","2021-10"
"2021","M09","September",186.845,"SUUR0000SEFV","Food away from home","2021-09"
"2021","M08","August",185.944,"SUUR0000SEFV","Food away from home","2021-08"
"2021","M07","July",185.424,"SUUR0000SEFV","Food away from home","2021-07"
"2021","M06","June",183.979,"SUUR0000SEFV","Food away from home","2021-06"
"2021","M05","May",182.683,"SUUR0000SEFV","Food away from home","2021-05"
"2021","M04","April",181.655,"SUUR0000SEFV","Food away from home","2021-04"
"2021","M03","March",181.123,"SUUR0000SEFV","Food away from home","2021-03"
"2021","M02","February",181.184,"SUUR0000SEFV","Food away from home","2021-02"
"2021","M01","January",181.368,"SUUR0000SEFV","Food away from home","2021-01"
"2020","M12","December",180.822,"SUUR0000SEFV","Food away from home","2020-12"
"2020","M11","November",180.048,"SUUR0000SEFV","Food away from home","2020-11"
"2020","M10","October",179.634,"SUUR0000SEFV","Food away from home","2020-10"
"2020","M09","September",179.182,"SUUR0000SEFV","Food away from home","2020-09"
"2020","M08","August",178.102,"SUUR0000SEFV","Food away from home","2020-08"
"2020","M07","July",177.449,"SUUR0000SEFV","Food away from home","2020-07"
"2020","M06","June",176.602,"SUUR0000SEFV","Food away from home","2020-06"
"2020","M05","May",175.601,"SUUR0000SEFV","Food away from home","2020-05"
"2020","M04","April",174.696,"SUUR0000SEFV","Food away from home","2020-04"
"2020","M03","March",174.075,"SUUR0000SEFV","Food away from home","2020-03"
"2020","M02","February",173.782,"SUUR0000SEFV","Food away from home","2020-02"
"2020","M01","January",173.409,"SUUR0000SEFV","Food away from home","2020-01"
"2019","M12","December",172.735,"SUUR0000SEFV","Food away from home","2019-12"
"2019","M11","November",172.249,"SUUR0000SEFV","Food away from home","2019-11"
"2019","M10","October",171.965,"SUUR0000SEFV","Food away from home","2019-10"
"2019","M09","September",171.643,"SUUR0000SEFV","Food away from home","2019-09"
"2019","M08","August",171.209,"SUUR0000SEFV","Food away from home","2019-08"
"2019","M07","July",170.8,"SUUR0000SEFV","Food away from home","2019-07"
"2019","M06","June",170.475,"SUUR0000SEFV","Food away from home","2019-06"
"2019","M05","May",169.94,"SUUR0000SEFV","Food away from home","2019-05"
"2019","M04","April",169.585,"SUUR0000SEFV","Food away from home","2019-04"
"2019","M03","March",169.027,"SUUR0000SEFV","Food away from home","2019-03"
"2019","M02","February",168.701,"SUUR0000SEFV","Food away from home","2019-02"
"2019","M01","January",168.116,"SUUR0000SEFV","Food away from home","2019-01"
"2021","M10","October",112.905,"SUUR0000SETA01","New vehicles","2021-10"
"2021","M09","September",111.322,"SUUR0000SETA01","New vehicles","2021-09"
"2021","M08","August",110.217,"SUUR0000SETA01","New vehicles","2021-08"
"2021","M07","July",109.216,"SUUR0000SETA01","New vehicles","2021-07"
"2021","M06","June",107.581,"SUUR0000SETA01","New vehicles","2021-06"
"2021","M05","May",105.706,"SUUR0000SETA01","New vehicles","2021-05"
"2021","M04","April",104.137,"SUUR0000SETA01","New vehicles","2021-04"
"2021","M03","March",103.742,"SUUR0000SETA01","New vehicles","2021-03"
"2021","M02","February",103.883,"SUUR0000SETA01","New vehicles","2021-02"
"2021","M01","January",103.79,"SUUR0000SETA01","New vehicles","2021-01"
"2020","M12","December",103.583,"SUUR0000SETA01","New vehicles","2020-12"
"2020","M11","November",102.988,"SUUR0000SETA01","New vehicles","2020-11"
"2020","M10","October",102.869,"SUUR0000SETA01","New vehicles","2020-10"
"2020","M09","September",102.561,"SUUR0000SETA01","New vehicles","2020-09"
"2020","M08","August",102.633,"SUUR0000SETA01","New vehicles","2020-08"
"2020","M07","July",102.859,"SUUR0000SETA01","New vehicles","2020-07"
"2020","M06","June",102.389,"SUUR0000SETA01","New vehicles","2020-06"
"2020","M05","May",102.467,"SUUR0000SETA01","New vehicles","2020-05"
"2020","M04","April",102.385,"SUUR0000SETA01","New vehicles","2020-04"
"2020","M03","March",102.492,"SUUR0000SETA01","New vehicles","2020-03"
"2020","M02","February",102.917,"SUUR0000SETA01","New vehicles","2020-02"
"2020","M01","January",102.579,"SUUR0000SETA01","New vehicles","2020-01"
"2019","M12","December",101.686,"SUUR0000SETA01","New vehicles","2019-12"
"2019","M11","November",101.266,"SUUR0000SETA01","New vehicles","2019-11"
"2019","M10","October",101.187,"SUUR0000SETA01","New vehicles","2019-10"
"2019","M09","September",101.229,"SUUR0000SETA01","New vehicles","2019-09"
"2019","M08","August",101.76,"SUUR0000SETA01","New vehicles","2019-08"
"2019","M07","July",102.214,"SUUR0000SETA01","New vehicles","2019-07"
"2019","M06","June",102.587,"SUUR0000SETA01","New vehicles","2019-06"
"2019","M05","May",102.688,"SUUR0000SETA01","New vehicles","2019-05"
"2019","M04","April",102.803,"SUUR0000SETA01","New vehicles","2019-04"
"2019","M03","March",102.759,"SUUR0000SETA01","New vehicles","2019-03"
"2019","M02","February",102.398,"SUUR0000SETA01","New vehicles","2019-02"
"2019","M01","January",102.271,"SUUR0000SETA01","New vehicles","2019-01"
"2021","M10","October",100.715,"SUUR0000SETG","Public transportation","2021-10"
"2021","M09","September",99.027,"SUUR0000SETG","Public transportation","2021-09"
"2021","M08","August",103.933,"SUUR0000SETG","Public transportation","2021-08"
"2021","M07","July",113.244,"SUUR0000SETG","Public transportation","2021-07"
"2021","M06","June",117.029,"SUUR0000SETG","Public transportation","2021-06"
"2021","M05","May",114.781,"SUUR0000SETG","Public transportation","2021-05"
"2021","M04","April",106.541,"SUUR0000SETG","Public transportation","2021-04"
"2021","M03","March",98.327,"SUUR0000SETG","Public transportation","2021-03"
"2021","M02","February",97.951,"SUUR0000SETG","Public transportation","2021-02"
"2021","M01","January",98.046,"SUUR0000SETG","Public transportation","2021-01"
"2020","M12","December",99.543,"SUUR0000SETG","Public transportation","2020-12"
"2020","M11","November",104.368,"SUUR0000SETG","Public transportation","2020-11"
"2020","M10","October",102.542,"SUUR0000SETG","Public transportation","2020-10"
"2020","M09","September",100.462,"SUUR0000SETG","Public transportation","2020-09"
"2020","M08","August",96.525,"SUUR0000SETG","Public transportation","2020-08"
"2020","M07","July",101.102,"SUUR0000SETG","Public transportation","2020-07"
"2020","M06","June",101.613,"SUUR0000SETG","Public transportation","2020-06"
"2020","M05","May",100.744,"SUUR0000SETG","Public transportation","2020-05"
"2020","M04","April",102.362,"SUUR0000SETG","Public transportation","2020-04"
"2020","M03","March",107.381,"SUUR0000SETG","Public transportation","2020-03"
"2020","M02","February",116.961,"SUUR0000SETG","Public transportation","2020-02"
"2020","M01","January",114.011,"SUUR0000SETG","Public transportation","2020-01"
"2019","M12","December",113.264,"SUUR0000SETG","Public transportation","2019-12"
"2019","M11","November",118.673,"SUUR0000SETG","Public transportation","2019-11"
"2019","M10","October",118.663,"SUUR0000SETG","Public transportation","2019-10"
"2019","M09","September",116.631,"SUUR0000SETG","Public transportation","2019-09"
"2019","M08","August",116.127,"SUUR0000SETG","Public transportation","2019-08"
"2019","M07","July",118.569,"SUUR0000SETG","Public transportation","2019-07"
"2019","M06","June",122.981,"SUUR0000SETG","Public transportation","2019-06"
"2019","M05","May",123.459,"SUUR0000SETG","Public transportation","2019-05"
"2019","M04","April",119.053,"SUUR0000SETG","Public transportation","2019-04"
"2019","M03","March",116.447,"SUUR0000SETG","Public transportation","2019-03"
"2019","M02","February",115.863,"SUUR0000SETG","Public transportation","2019-02"
"2019","M01","January",112.989,"SUUR0000SETG","Public transportation","2019-01"
