"month","var","value"
Oct 2021,"All.items",2.4091949829174
Oct 2021,"Energy",2.22749083821846
Oct 2021,"All.items.less.food.and.energy",2.28646842564917
Oct 2021,"Apparel",0.614887940736786
Oct 2021,"Commodities",2.60084804580341
Oct 2021,"Durables",2.49639994986576
Oct 2021,"Education.and.communication",2.88339566854521
Oct 2021,"Education",1.98563230340384
Oct 2021,"Communication",0.229469089658668
Oct 2021,"Food.and.beverages",2.10337109006781
Oct 2021,"Food",2.11931113383369
Oct 2021,"Food.at.home",2.25100086787743
Oct 2021,"Alcoholic.beverages",1.78716647611602
Oct 2021,"Other.goods.and.services",2.09889364823482
Oct 2021,"Housing",2.22981808780622
Oct 2021,"Shelter",1.97830300251836
Oct 2021,"Fuels.and.utilities",2.78435249919178
Oct 2021,"Household.furnishings.and.operations",2.6567443215252
Oct 2021,"Medical.care",1.28371849485554
Oct 2021,"Medical.care.commodities",-0.7260625325284
Oct 2021,"Medical.care.services",1.27842522597153
Oct 2021,"Nondurables",2.61803209463114
Oct 2021,"Recreation",2.51569292626985
Oct 2021,"Services",2.041293701909
Oct 2021,"Transportation",2.13695386940115
Oct 2021,"Private.transportation",2.27198582679513
Oct 2021,"Food.away.from.home",1.98996742293722
Oct 2021,"New.vehicles",3.09920996675762
Oct 2021,"Public.transportation",-0.984548295037457
Oct 2021,"new_death",0.349527077793507
Oct 2021,"new_case",0.194849356445693
Oct 2021,"tot_cases",1.64331764226408
Oct 2021,"tot_death",1.54113506837259
Sep 2021,"All.items",2.06363669351794
Sep 2021,"Energy",1.85818825794041
Sep 2021,"All.items.less.food.and.energy",1.97912501214984
Sep 2021,"Apparel",0.384424995744341
Sep 2021,"Commodities",2.1780367703925
Sep 2021,"Durables",2.11631358877383
Sep 2021,"Education.and.communication",2.70524754408993
Sep 2021,"Education",1.86919480199695
Sep 2021,"Communication",0.209885884215914
Sep 2021,"Food.and.beverages",1.78498871642691
Sep 2021,"Food",1.78435040235396
Sep 2021,"Food.at.home",1.85118901598865
Sep 2021,"Alcoholic.beverages",1.84438036921395
Sep 2021,"Other.goods.and.services",1.67692476869405
Sep 2021,"Housing",1.97423900076505
Sep 2021,"Shelter",1.80544774499025
Sep 2021,"Fuels.and.utilities",2.31794123637808
Sep 2021,"Household.furnishings.and.operations",2.18710314034081
Sep 2021,"Medical.care",1.02615425050494
Sep 2021,"Medical.care.commodities",-1.26228327169549
Sep 2021,"Medical.care.services",1.0868047411516
Sep 2021,"Nondurables",2.16898875194082
Sep 2021,"Recreation",2.08339025718921
Sep 2021,"Services",1.79727486366028
Sep 2021,"Transportation",1.79122875685066
Sep 2021,"Private.transportation",1.93638436059797
Sep 2021,"Food.away.from.home",1.72847322626184
Sep 2021,"New.vehicles",2.55886290331815
Sep 2021,"Public.transportation",-1.18238384316236
Sep 2021,"new_death",0.77969291604602
Sep 2021,"new_case",1.085173404109
Sep 2021,"tot_cases",1.49936660036514
Sep 2021,"tot_death",1.37131429606634
Aug 2021,"All.items",1.94306720172909
Aug 2021,"Energy",1.77342924631668
Aug 2021,"All.items.less.food.and.energy",1.89969918618934
Aug 2021,"Apparel",-0.157483012411506
Aug 2021,"Commodities",2.03881543448908
Aug 2021,"Durables",2.19909313367422
Aug 2021,"Education.and.communication",1.56617923317897
Aug 2021,"Education",1.34626104567842
Aug 2021,"Communication",-0.209194712259106
Aug 2021,"Food.and.beverages",1.50685383210926
Aug 2021,"Food",1.50028630150167
Aug 2021,"Food.at.home",1.44902379152498
Aug 2021,"Alcoholic.beverages",1.68944347622614
Aug 2021,"Other.goods.and.services",1.63391973240706
Aug 2021,"Housing",1.74721784782892
Aug 2021,"Shelter",1.63453156887673
Aug 2021,"Fuels.and.utilities",2.04282872835
Aug 2021,"Household.furnishings.and.operations",1.70258420262471
Aug 2021,"Medical.care",1.06160121086606
Aug 2021,"Medical.care.commodities",-1.55097096084072
Aug 2021,"Medical.care.services",1.14777489541249
Aug 2021,"Nondurables",1.89000154803419
Aug 2021,"Recreation",1.99411700445121
Aug 2021,"Services",1.70380825410077
Aug 2021,"Transportation",1.93076772674378
Aug 2021,"Private.transportation",2.01317364361173
Aug 2021,"Food.away.from.home",1.57468323200302
Aug 2021,"New.vehicles",2.18167812435376
Aug 2021,"Public.transportation",-0.607394981135839
Aug 2021,"new_death",-0.0234554129844492
Aug 2021,"new_case",1.18007136445755
Aug 2021,"tot_cases",1.26088235782672
Aug 2021,"tot_death",1.15961058800369
Jul 2021,"All.items",1.86203782041141
Jul 2021,"Energy",1.67709773648176
Jul 2021,"All.items.less.food.and.energy",1.83684918477711
Jul 2021,"Apparel",-0.669942977596096
Jul 2021,"Commodities",1.90474136628632
Jul 2021,"Durables",2.11951983875236
Jul 2021,"Education.and.communication",0.718626035012979
Jul 2021,"Education",0.990997291385822
Jul 2021,"Communication",-0.563650730773036
Jul 2021,"Food.and.beverages",1.40140091315616
Jul 2021,"Food",1.40066810993172
Jul 2021,"Food.at.home",1.34024568139696
Jul 2021,"Alcoholic.beverages",1.43344262608724
Jul 2021,"Other.goods.and.services",1.44054138131792
Jul 2021,"Housing",1.61712059246146
Jul 2021,"Shelter",1.56500164958257
Jul 2021,"Fuels.and.utilities",1.79682308860277
Jul 2021,"Household.furnishings.and.operations",1.35444469978263
Jul 2021,"Medical.care",0.959340555435772
Jul 2021,"Medical.care.commodities",-1.39300977244049
Jul 2021,"Medical.care.services",1.03617773805997
Jul 2021,"Nondurables",1.72184813527886
Jul 2021,"Recreation",1.68166061986818
Jul 2021,"Services",1.68280784499088
Jul 2021,"Transportation",2.04464696742954
Jul 2021,"Private.transportation",2.00692214160246
Jul 2021,"Food.away.from.home",1.48592541067718
Jul 2021,"New.vehicles",1.83999308929191
Jul 2021,"Public.transportation",0.48386496471188
Jul 2021,"new_death",-0.938115180899981
Jul 2021,"new_case",-0.372595381244066
Jul 2021,"tot_cases",1.00177679388519
Jul 2021,"tot_death",1.02929132099114
Jun 2021,"All.items",1.6662864284309
Jun 2021,"Energy",1.46148047585454
Jun 2021,"All.items.less.food.and.energy",1.67765220317802
Jun 2021,"Apparel",-0.35657738989109
Jun 2021,"Commodities",1.6959093624312
Jun 2021,"Durables",1.94201018084977
Jun 2021,"Education.and.communication",0.414514590235805
Jun 2021,"Education",0.835488539506836
Jun 2021,"Communication",-0.653733475809722
Jun 2021,"Food.and.beverages",1.1725073705245
Jun 2021,"Food",1.16489055608495
Jun 2021,"Food.at.home",1.11719825846621
Jun 2021,"Alcoholic.beverages",1.3591063270257
Jun 2021,"Other.goods.and.services",1.09188310054825
Jun 2021,"Housing",1.40769574235775
Jun 2021,"Shelter",1.33619004266234
Jun 2021,"Fuels.and.utilities",1.55116813401556
Jun 2021,"Household.furnishings.and.operations",1.37081023196752
Jun 2021,"Medical.care",0.830813447363782
Jun 2021,"Medical.care.commodities",-1.54249794690356
Jun 2021,"Medical.care.services",0.929298509310977
Jun 2021,"Nondurables",1.49375885263055
Jun 2021,"Recreation",1.31294985684751
Jun 2021,"Services",1.51362145047177
Jun 2021,"Transportation",1.90669753828378
Jun 2021,"Private.transportation",1.81593875521954
Jun 2021,"Food.away.from.home",1.2392810802621
Jun 2021,"New.vehicles",1.28189615390118
Jun 2021,"Public.transportation",0.927471332989574
Jun 2021,"new_death",-0.934751454577948
Jun 2021,"new_case",-0.90826045501498
Jun 2021,"tot_cases",0.916686595949808
Jun 2021,"tot_death",0.99130603509255
May 2021,"All.items",1.30012272934929
May 2021,"Energy",1.17045122138956
May 2021,"All.items.less.food.and.energy",1.29088296371818
May 2021,"Apparel",-0.203895688833594
May 2021,"Commodities",1.26010736377578
May 2021,"Durables",1.14744314071433
May 2021,"Education.and.communication",0.187780613656361
May 2021,"Education",0.686189787702884
May 2021,"Communication",-0.677233322341033
May 2021,"Food.and.beverages",0.931022434585006
May 2021,"Food",0.924327848931316
May 2021,"Food.at.home",0.861203619487055
May 2021,"Alcoholic.beverages",1.0767954384549
May 2021,"Other.goods.and.services",1.02290186784631
May 2021,"Housing",1.11894329751777
May 2021,"Shelter",1.08189336572196
May 2021,"Fuels.and.utilities",0.933611567237418
May 2021,"Household.furnishings.and.operations",1.36287542848394
May 2021,"Medical.care",0.919303341214933
May 2021,"Medical.care.commodities",-1.18300006985476
May 2021,"Medical.care.services",0.978292383270616
May 2021,"Nondurables",1.28659955629408
May 2021,"Recreation",1.2683132304785
May 2021,"Services",1.24475705778318
May 2021,"Transportation",1.34275118884591
May 2021,"Private.transportation",1.26288921080026
May 2021,"Food.away.from.home",1.01806927941922
May 2021,"New.vehicles",0.641876732581524
May 2021,"Public.transportation",0.664003138567314
May 2021,"new_death",-0.67101184307252
May 2021,"new_case",-0.636695906031365
May 2021,"tot_cases",0.892672991921057
May 2021,"tot_death",0.953828955694812
Apr 2021,"All.items",0.970436174434737
Apr 2021,"Energy",0.838536712255362
Apr 2021,"All.items.less.food.and.energy",0.947625263697567
Apr 2021,"Apparel",-0.26247168735251
Apr 2021,"Commodities",0.869160126511781
Apr 2021,"Durables",0.571775530931692
Apr 2021,"Education.and.communication",-0.157718779226576
Apr 2021,"Education",0.516708535655069
Apr 2021,"Communication",-0.788857593364758
Apr 2021,"Food.and.beverages",0.79521526390767
Apr 2021,"Food",0.787298458780516
Apr 2021,"Food.at.home",0.761316027975271
Apr 2021,"Alcoholic.beverages",0.967379088150833
Apr 2021,"Other.goods.and.services",1.09765558864047
Apr 2021,"Housing",0.885287473021889
Apr 2021,"Shelter",0.917625468744127
Apr 2021,"Fuels.and.utilities",0.650257957949098
Apr 2021,"Household.furnishings.and.operations",0.789585876795286
Apr 2021,"Medical.care",0.979231655494526
Apr 2021,"Medical.care.commodities",-1.1551601669183
Apr 2021,"Medical.care.services",1.03218564462622
Apr 2021,"Nondurables",1.01617461951501
Apr 2021,"Recreation",1.16069615868473
Apr 2021,"Services",1.00221712158445
Apr 2021,"Transportation",0.807530111485302
Apr 2021,"Private.transportation",0.815594242037633
Apr 2021,"Food.away.from.home",0.842601894182747
Apr 2021,"New.vehicles",0.106308480821238
Apr 2021,"Public.transportation",-0.301734371236704
Apr 2021,"new_death",-0.496371866004192
Apr 2021,"new_case",-0.123936901012378
Apr 2021,"tot_cases",0.83870075381277
Apr 2021,"tot_death",0.8880351140759
Mar 2021,"All.items",0.627383948375004
Mar 2021,"Energy",0.665585090637544
Mar 2021,"All.items.less.food.and.energy",0.533574979668678
Mar 2021,"Apparel",-0.237824955735262
Mar 2021,"Commodities",0.482624832991202
Mar 2021,"Durables",-0.076761396544958
Mar 2021,"Education.and.communication",-0.812728044900508
Mar 2021,"Education",0.450209784851581
Mar 2021,"Communication",-1.34110398685053
Mar 2021,"Food.and.beverages",0.639621618032314
Mar 2021,"Food",0.630693441465316
Mar 2021,"Food.at.home",0.545067236927512
Mar 2021,"Alcoholic.beverages",0.82705888318074
Mar 2021,"Other.goods.and.services",0.99144180774375
Mar 2021,"Housing",0.670670271262708
Mar 2021,"Shelter",0.733135722728554
Mar 2021,"Fuels.and.utilities",0.43721672324284
Mar 2021,"Household.furnishings.and.operations",0.426072692203775
Mar 2021,"Medical.care",0.9978476850367
Mar 2021,"Medical.care.commodities",-1.58546823187067
Mar 2021,"Medical.care.services",1.09115975217024
Mar 2021,"Nondurables",0.802593622832862
Mar 2021,"Recreation",0.628113945432647
Mar 2021,"Services",0.72891602274588
Mar 2021,"Transportation",0.296492761209513
Mar 2021,"Private.transportation",0.394972348514524
Mar 2021,"Food.away.from.home",0.751795815441689
Mar 2021,"New.vehicles",-0.0285222772701004
Mar 2021,"Public.transportation",-1.26442465103406
Mar 2021,"new_death",-0.059869706075292
Mar 2021,"new_case",-0.148763834499548
Mar 2021,"tot_cases",0.728583783031236
Mar 2021,"tot_death",0.805159653953054
Feb 2021,"All.items",0.337515955413818
Feb 2021,"Energy",-0.0120419062672703
Feb 2021,"All.items.less.food.and.energy",0.349859590925259
Feb 2021,"Apparel",-0.399789192077176
Feb 2021,"Commodities",0.107119398829169
Feb 2021,"Durables",-0.209966509289598
Feb 2021,"Education.and.communication",-0.191908823313961
Feb 2021,"Education",0.715946038062426
Feb 2021,"Communication",-1.08652231609467
Feb 2021,"Food.and.beverages",0.601397745490684
Feb 2021,"Food",0.596544847411867
Feb 2021,"Food.at.home",0.469759314531199
Feb 2021,"Alcoholic.beverages",0.684232960264741
Feb 2021,"Other.goods.and.services",0.699065285873158
Feb 2021,"Housing",0.514899721598788
Feb 2021,"Shelter",0.563604604768297
Feb 2021,"Fuels.and.utilities",0.374970107341013
Feb 2021,"Household.furnishings.and.operations",0.274319575580309
Feb 2021,"Medical.care",0.943784695133407
Feb 2021,"Medical.care.commodities",-1.64054282246232
Feb 2021,"Medical.care.services",1.04525067768213
Feb 2021,"Nondurables",0.271733060923555
Feb 2021,"Recreation",0.312600257673657
Feb 2021,"Services",0.55056043551682
Feb 2021,"Transportation",-0.201260569963354
Feb 2021,"Private.transportation",-0.115254407141325
Feb 2021,"Food.away.from.home",0.762207790635683
Feb 2021,"New.vehicles",0.0196071832131344
Feb 2021,"Public.transportation",-1.30849228497657
Feb 2021,"new_death",1.10593525618643
Feb 2021,"new_case",0.139255617934963
Feb 2021,"tot_cases",0.623030730722656
Feb 2021,"tot_death",0.667368491361821
Jan 2021,"All.items",0.108350385570341
Jan 2021,"Energy",-0.449189846937308
Jan 2021,"All.items.less.food.and.energy",0.173741455099789
Jan 2021,"Apparel",-0.975306379711088
Jan 2021,"Commodities",-0.149508662246323
Jan 2021,"Durables",-0.277006281568084
Jan 2021,"Education.and.communication",-0.32866899966345
Jan 2021,"Education",0.642461037174521
Jan 2021,"Communication",-1.12373040643592
Jan 2021,"Food.and.beverages",0.569469569602967
Jan 2021,"Food",0.565658857885808
Jan 2021,"Food.at.home",0.381638585893837
Jan 2021,"Alcoholic.beverages",0.622425250932675
Jan 2021,"Other.goods.and.services",0.492410212171928
Jan 2021,"Housing",0.382206290403594
Jan 2021,"Shelter",0.456124092074538
Jan 2021,"Fuels.and.utilities",0.0746082677921914
Jan 2021,"Household.furnishings.and.operations",0.230182231202896
Jan 2021,"Medical.care",0.722177439350559
Jan 2021,"Medical.care.commodities",-1.12489940285697
Jan 2021,"Medical.care.services",0.787034816035568
Jan 2021,"Nondurables",-0.106433737210764
Jan 2021,"Recreation",-0.146606679355406
Jan 2021,"Services",0.36688080090778
Jan 2021,"Transportation",-0.467168029271487
Jan 2021,"Private.transportation",-0.391258220850197
Jan 2021,"Food.away.from.home",0.793614404335597
Jan 2021,"New.vehicles",-0.0121377800843167
Jan 2021,"Public.transportation",-1.29735817533684
Jan 2021,"new_death",2.5147890017634
Jan 2021,"new_case",2.16491071286543
Jan 2021,"tot_cases",0.482917175388329
Jan 2021,"tot_death",0.414239653398934
Dec 2020,"All.items",-0.0715292719252699
Dec 2020,"Energy",-0.848059524293402
Dec 2020,"All.items.less.food.and.energy",0.0808477716938165
Dec 2020,"Apparel",-1.73391357364455
Dec 2020,"Commodities",-0.430157305924866
Dec 2020,"Durables",-0.244652304511945
Dec 2020,"Education.and.communication",-0.310674239617479
Dec 2020,"Education",0.692399787777918
Dec 2020,"Communication",-1.17268842004281
Dec 2020,"Food.and.beverages",0.461768187559186
Dec 2020,"Food",0.456687866670652
Dec 2020,"Food.at.home",0.259524697841478
Dec 2020,"Alcoholic.beverages",0.536395601456964
Dec 2020,"Other.goods.and.services",0.335687160468342
Dec 2020,"Housing",0.270282265830264
Dec 2020,"Shelter",0.368588416787868
Dec 2020,"Fuels.and.utilities",-0.136153513374004
Dec 2020,"Household.furnishings.and.operations",0.12008683286822
Dec 2020,"Medical.care",0.396779443517514
Dec 2020,"Medical.care.commodities",-1.01777629807979
Dec 2020,"Medical.care.services",0.470389223222326
Dec 2020,"Nondurables",-0.587585581629459
Dec 2020,"Recreation",0.165849705227619
Dec 2020,"Services",0.308020499318085
Dec 2020,"Transportation",-0.639633200359893
Dec 2020,"Private.transportation",-0.58849310924238
Dec 2020,"Food.away.from.home",0.700418691943462
Dec 2020,"New.vehicles",-0.082795924198009
Dec 2020,"Public.transportation",-1.1219080476455
Dec 2020,"new_death",1.91608482953834
Dec 2020,"new_case",2.33250372885692
Dec 2020,"tot_cases",0.111234661063647
Dec 2020,"tot_death",0.0321649659919219
Nov 2020,"All.items",-0.117752217969032
Nov 2020,"Energy",-1.04720822977392
Nov 2020,"All.items.less.food.and.energy",0.107783486584761
Nov 2020,"Apparel",-1.26882654715286
Nov 2020,"Commodities",-0.46275666802901
Nov 2020,"Durables",-0.232118781868578
Nov 2020,"Education.and.communication",0.0294267252516869
Nov 2020,"Education",0.668336037487163
Nov 2020,"Communication",-0.882856979489987
Nov 2020,"Food.and.beverages",0.346646877316149
Nov 2020,"Food",0.334013936440407
Nov 2020,"Food.at.home",0.138456753155726
Nov 2020,"Alcoholic.beverages",0.601544268050215
Nov 2020,"Other.goods.and.services",0.332223667613014
Nov 2020,"Housing",0.208262509945553
Nov 2020,"Shelter",0.317895288378185
Nov 2020,"Fuels.and.utilities",-0.32745226815962
Nov 2020,"Household.furnishings.and.operations",0.168191578987427
Nov 2020,"Medical.care",0.474048716822695
Nov 2020,"Medical.care.commodities",-0.762980664683248
Nov 2020,"Medical.care.services",0.518838720804643
Nov 2020,"Nondurables",-0.654180992621666
Nov 2020,"Recreation",0.178690378566649
Nov 2020,"Services",0.250639099778389
Nov 2020,"Transportation",-0.73239425683075
Nov 2020,"Private.transportation",-0.694039301498737
Nov 2020,"Food.away.from.home",0.568306088662302
Nov 2020,"New.vehicles",-0.285895420563445
Nov 2020,"Public.transportation",-0.556412479101283
Nov 2020,"new_death",0.336737095150429
Nov 2020,"new_case",1.27927208343224
Nov 2020,"tot_cases",-0.289324014701937
Nov 2020,"tot_death",-0.286606511655739
Oct 2020,"All.items",-0.0787690104622398
Oct 2020,"Energy",-0.93567986789243
Oct 2020,"All.items.less.food.and.energy",0.0950062884954704
Oct 2020,"Apparel",-0.65105781960366
Oct 2020,"Commodities",-0.276474598862468
Oct 2020,"Durables",-0.139720487032577
Oct 2020,"Education.and.communication",0.724024463026775
Oct 2020,"Education",0.670147287509049
Oct 2020,"Communication",-0.334527227092758
Oct 2020,"Food.and.beverages",0.47615835133957
Oct 2020,"Food",0.476045986866559
Oct 2020,"Food.at.home",0.405956769167652
Oct 2020,"Alcoholic.beverages",0.424473533207004
Oct 2020,"Other.goods.and.services",0.237266238496116
Oct 2020,"Housing",0.165858304759258
Oct 2020,"Shelter",0.281329753131854
Oct 2020,"Fuels.and.utilities",-0.421961918782398
Oct 2020,"Household.furnishings.and.operations",0.160752700721571
Oct 2020,"Medical.care",0.540607397788543
Oct 2020,"Medical.care.commodities",-0.244916383952989
Oct 2020,"Medical.care.services",0.532085212652987
Oct 2020,"Nondurables",-0.402069793865453
Oct 2020,"Recreation",0.152397571253396
Oct 2020,"Services",0.130552253319017
Oct 2020,"Transportation",-0.736708724573581
Oct 2020,"Private.transportation",-0.692997384497194
Oct 2020,"Food.away.from.home",0.497641207837493
Oct 2020,"New.vehicles",-0.326515319836532
Oct 2020,"Public.transportation",-0.770421786492319
Oct 2020,"new_death",-0.366946628799467
Oct 2020,"new_case",-0.0720438267791412
Oct 2020,"tot_cases",-0.580074356330504
Oct 2020,"tot_death",-0.450984014333005
Sep 2020,"All.items",-0.0690232085855438
Sep 2020,"Energy",-0.806411247764111
Sep 2020,"All.items.less.food.and.energy",0.083955738796614
Sep 2020,"Apparel",-0.571356051127108
Sep 2020,"Commodities",-0.263238767632213
Sep 2020,"Durables",-0.168576736839404
Sep 2020,"Education.and.communication",1.11451075602469
Sep 2020,"Education",0.64116728715889
Sep 2020,"Communication",0.0649701639395082
Sep 2020,"Food.and.beverages",0.390491907584498
Sep 2020,"Food",0.398395999114439
Sep 2020,"Food.at.home",0.326988044988175
Sep 2020,"Alcoholic.beverages",0.107917832708978
Sep 2020,"Other.goods.and.services",0.187622840903084
Sep 2020,"Housing",0.157492849314345
Sep 2020,"Shelter",0.210968798945736
Sep 2020,"Fuels.and.utilities",-0.235572756236921
Sep 2020,"Household.furnishings.and.operations",0.311018041691866
Sep 2020,"Medical.care",0.688770591815975
Sep 2020,"Medical.care.commodities",0.362114543117642
Sep 2020,"Medical.care.services",0.614467504422164
Sep 2020,"Nondurables",-0.354739483910275
Sep 2020,"Recreation",0.084525440747108
Sep 2020,"Services",0.136172081108989
Sep 2020,"Transportation",-0.711503149865465
Sep 2020,"Private.transportation",-0.664032091854283
Sep 2020,"Food.away.from.home",0.420490178531183
Sep 2020,"New.vehicles",-0.431649176778638
Sep 2020,"Public.transportation",-1.01420018702537
Sep 2020,"new_death",-0.453582138140194
Sep 2020,"new_case",-0.459864471097979
Sep 2020,"tot_cases",-0.704276393618438
Sep 2020,"tot_death",-0.548022055620165
Aug 2020,"All.items",-0.109955576467669
Aug 2020,"Energy",-0.87978851664167
Aug 2020,"All.items.less.food.and.energy",0.0394082103231176
Aug 2020,"Apparel",-1.17856189369748
Aug 2020,"Commodities",-0.321819576225374
Aug 2020,"Durables",-0.22745514553616
Aug 2020,"Education.and.communication",1.35384106463631
Aug 2020,"Education",0.491351035348682
Aug 2020,"Communication",0.603508313615353
Aug 2020,"Food.and.beverages",0.428940626435198
Aug 2020,"Food",0.441027364939132
Aug 2020,"Food.at.home",0.502445044737934
Aug 2020,"Alcoholic.beverages",0.0231410422062084
Aug 2020,"Other.goods.and.services",0.141442936165373
Aug 2020,"Housing",0.112492468300321
Aug 2020,"Shelter",0.191300973169302
Aug 2020,"Fuels.and.utilities",-0.406707114321947
Aug 2020,"Household.furnishings.and.operations",0.276799201668926
Aug 2020,"Medical.care",0.722177439350559
Aug 2020,"Medical.care.commodities",0.962488102094762
Aug 2020,"Medical.care.services",0.590514943819671
Aug 2020,"Nondurables",-0.408967175718217
Aug 2020,"Recreation",-0.638221030049643
Aug 2020,"Services",0.116946354459091
Aug 2020,"Transportation",-0.688795424903201
Aug 2020,"Private.transportation",-0.634024882209832
Aug 2020,"Food.away.from.home",0.236147011162125
Aug 2020,"New.vehicles",-0.407072430999967
Aug 2020,"Public.transportation",-1.47562113072664
Aug 2020,"new_death",-0.108995755615677
Aug 2020,"new_case",-0.322982590724389
Aug 2020,"tot_cases",-0.783285606312999
Aug 2020,"tot_death",-0.637193396278392
Jul 2020,"All.items",-0.255585701653739
Jul 2020,"Energy",-0.858296734249457
Jul 2020,"All.items.less.food.and.energy",-0.17745882751687
Jul 2020,"Apparel",-1.72143016412413
Jul 2020,"Commodities",-0.535553739795413
Jul 2020,"Durables",-0.541376166161935
Jul 2020,"Education.and.communication",0.693433370948604
Jul 2020,"Education",0.193012281743906
Jul 2020,"Communication",0.341093360682394
Jul 2020,"Food.and.beverages",0.408704458619038
Jul 2020,"Food",0.421016723837742
Jul 2020,"Food.at.home",0.531469973161512
Jul 2020,"Alcoholic.beverages",-0.00400423554098246
Jul 2020,"Other.goods.and.services",0.239863858137607
Jul 2020,"Housing",0.0423957209515578
Jul 2020,"Shelter",0.128419333010839
Jul 2020,"Fuels.and.utilities",-0.365676950600745
Jul 2020,"Household.furnishings.and.operations",0.0332999197665647
Jul 2020,"Medical.care",0.685455408472848
Jul 2020,"Medical.care.commodities",0.767003566258456
Jul 2020,"Medical.care.services",0.574365111292234
Jul 2020,"Nondurables",-0.499346662064782
Jul 2020,"Recreation",-0.994702580366482
Jul 2020,"Services",0.0583818332793955
Jul 2020,"Transportation",-0.851269197008211
Jul 2020,"Private.transportation",-0.802398669659259
Jul 2020,"Food.away.from.home",0.124687670151018
Jul 2020,"New.vehicles",-0.329928756750239
Jul 2020,"Public.transportation",-0.939191448399817
Jul 2020,"new_death",-0.108369946067392
Jul 2020,"new_case",-0.0706115556625416
Jul 2020,"tot_cases",-0.880904561293243
Jul 2020,"tot_death",-0.762586000270261
Jun 2020,"All.items",-0.506192035625949
Jun 2020,"Energy",-1.0742319206517
Jun 2020,"All.items.less.food.and.energy",-0.500342076530221
Jun 2020,"Apparel",-1.61836201372473
Jun 2020,"Commodities",-0.735561856163699
Jun 2020,"Durables",-0.816239232503722
Jun 2020,"Education.and.communication",-1.32018027819733
Jun 2020,"Education",0.0791622803682756
Jun 2020,"Communication",-1.2549378829024
Jun 2020,"Food.and.beverages",0.561150256167434
Jun 2020,"Food",0.57457664359404
Jun 2020,"Food.at.home",0.853097558395783
Jun 2020,"Alcoholic.beverages",0.133810251483227
Jun 2020,"Other.goods.and.services",0.0747706987003135
Jun 2020,"Housing",-0.0447204012678925
Jun 2020,"Shelter",0.0176146807492313
Jun 2020,"Fuels.and.utilities",-0.419331780082318
Jun 2020,"Household.furnishings.and.operations",0.0779331893617039
Jun 2020,"Medical.care",0.523266438762962
Jun 2020,"Medical.care.commodities",0.747031461977974
Jun 2020,"Medical.care.services",0.424661607526663
Jun 2020,"Nondurables",-0.59757489327829
Jun 2020,"Recreation",-0.250554987338019
Jun 2020,"Services",-0.229412505649091
Jun 2020,"Transportation",-1.320183717479
Jun 2020,"Private.transportation",-1.2549032234296
Jun 2020,"Food.away.from.home",-0.0198851657393481
Jun 2020,"New.vehicles",-0.490360291694365
Jun 2020,"Public.transportation",-0.879301658653476
Jun 2020,"new_death",-0.499618253035922
Jun 2020,"new_case",-0.652277934820635
Jun 2020,"tot_cases",-1.01126056026968
Jun 2020,"tot_death",-0.890045030695358
May 2020,"All.items",-0.737028314362574
May 2020,"Energy",-1.62220878649816
May 2020,"All.items.less.food.and.energy",-0.607394276737857
May 2020,"Apparel",-1.5530641793102
May 2020,"Commodities",-0.965228038807188
May 2020,"Durables",-0.800790937152594
May 2020,"Education.and.communication",-0.814527520905115
May 2020,"Education",-0.0323589709792205
May 2020,"Communication",-0.777107670099103
May 2020,"Food.and.beverages",0.378799899512934
May 2020,"Food",0.379037878918532
May 2020,"Food.at.home",0.641555512497794
May 2020,"Alcoholic.beverages",0.307540029065254
May 2020,"Other.goods.and.services",-0.136213741070072
May 2020,"Housing",-0.205394838606416
May 2020,"Shelter",-0.03889569190419
May 2020,"Fuels.and.utilities",-0.975518443858655
May 2020,"Household.furnishings.and.operations",-0.211191212571241
May 2020,"Medical.care",0.397289471724151
May 2020,"Medical.care.commodities",0.775476580195639
May 2020,"Medical.care.services",0.303991510551986
May 2020,"Nondurables",-1.05446698083554
May 2020,"Recreation",-0.205306900333824
May 2020,"Services",-0.448290009047947
May 2020,"Transportation",-1.61492998748921
May 2020,"Private.transportation",-1.53580404704573
May 2020,"Food.away.from.home",-0.190743971791598
May 2020,"New.vehicles",-0.463735483767466
May 2020,"Public.transportation",-0.981149461568487
May 2020,"new_death",0.327232612635848
May 2020,"new_case",-0.718455346163536
May 2020,"tot_cases",-1.06906824459455
May 2020,"tot_death",-0.973714300972431
Apr 2020,"All.items",-0.702500330570848
Apr 2020,"Energy",-1.63454430656943
Apr 2020,"All.items.less.food.and.energy",-0.490327515865637
Apr 2020,"Apparel",-0.563033778113488
Apr 2020,"Commodities",-0.99488610508239
Apr 2020,"Durables",-0.800790937152594
Apr 2020,"Education.and.communication",-0.893704465107452
Apr 2020,"Education",-0.106878971879636
Apr 2020,"Communication",-0.790815913909029
Apr 2020,"Food.and.beverages",0.0943693185413718
Apr 2020,"Food",0.0919286805073265
Apr 2020,"Food.at.home",0.291687456364903
Apr 2020,"Alcoholic.beverages",0.153438375392734
Apr 2020,"Other.goods.and.services",-0.0556875321837009
Apr 2020,"Housing",-0.31241497550515
Apr 2020,"Shelter",-0.133633669587859
Apr 2020,"Fuels.and.utilities",-1.04460342038069
Apr 2020,"Household.furnishings.and.operations",-0.419479804015217
Apr 2020,"Medical.care",0.236120558427533
Apr 2020,"Medical.care.commodities",0.651407447544108
Apr 2020,"Medical.care.services",0.163360946408573
Apr 2020,"Nondurables",-1.10845683188993
Apr 2020,"Recreation",-0.36612104738928
Apr 2020,"Services",-0.353640277848445
Apr 2020,"Transportation",-1.33744158845032
Apr 2020,"Private.transportation",-1.27230323735538
Apr 2020,"Food.away.from.home",-0.345216718522154
Apr 2020,"New.vehicles",-0.491725666459843
Apr 2020,"Public.transportation",-0.791517994230757
Apr 2020,"new_death",1.0554011351624
Apr 2020,"new_case",-0.644638254732659
Apr 2020,"tot_cases",-1.11874990285357
Apr 2020,"tot_death",-1.14233385791303
Mar 2020,"All.items",-0.48781423780132
Mar 2020,"Energy",-0.811943156249682
Mar 2020,"All.items.less.food.and.energy",-0.311792072293541
Mar 2020,"Apparel",0.889202862762515
Mar 2020,"Commodities",-0.740218907892864
Mar 2020,"Durables",-0.740163664831182
Mar 2020,"Education.and.communication",-1.02326673743856
Mar 2020,"Education",-0.158370222501793
Mar 2020,"Communication",-0.855440491870133
Mar 2020,"Food.and.beverages",-0.565779444883544
Mar 2020,"Food",-0.569292503712408
Mar 2020,"Food.at.home",-0.631619050514951
Mar 2020,"Alcoholic.beverages",-0.398654812019384
Mar 2020,"Other.goods.and.services",-0.00113751971228965
Mar 2020,"Housing",-0.336934413878177
Mar 2020,"Shelter",-0.166044030374376
Mar 2020,"Fuels.and.utilities",-0.852778637855052
Mar 2020,"Household.furnishings.and.operations",-0.698189776375963
Mar 2020,"Medical.care",0.142275368406719
Mar 2020,"Medical.care.commodities",0.852338920911449
Mar 2020,"Medical.care.services",0.053759835772927
Mar 2020,"Nondurables",-0.715543907035909
Mar 2020,"Recreation",-0.276236334016077
Mar 2020,"Services",-0.180904518409349
Mar 2020,"Transportation",-0.569693407476116
Mar 2020,"Private.transportation",-0.552755356089439
Mar 2020,"Food.away.from.home",-0.451214039759365
Mar 2020,"New.vehicles",-0.455201891483202
Mar 2020,"Public.transportation",-0.203285401790663
Mar 2020,"new_death",-1.11181644364588
Mar 2020,"new_case",-1.00460852230913
Mar 2020,"tot_cases",-1.17776798963822
Mar 2020,"tot_death",-1.37429862515024
Feb 2020,"All.items",-0.409847822787744
Feb 2020,"Energy",-0.369581232869106
Feb 2020,"All.items.less.food.and.energy",-0.319043995533418
Feb 2020,"Apparel",1.06012954696525
Feb 2020,"Commodities",-0.591683468531121
Feb 2020,"Durables",-0.734334119415663
Feb 2020,"Education.and.communication",-0.506817124118727
Feb 2020,"Education",-0.158370222501793
Feb 2020,"Communication",-0.446151498116483
Feb 2020,"Food.and.beverages",-0.675729290018008
Feb 2020,"Food",-0.675435904337155
Feb 2020,"Food.at.home",-0.77831260768278
Feb 2020,"Alcoholic.beverages",-0.613728935708679
Feb 2020,"Other.goods.and.services",-0.160458191057368
Feb 2020,"Housing",-0.326549710567248
Feb 2020,"Shelter",-0.218953251829294
Feb 2020,"Fuels.and.utilities",-0.563463380846553
Feb 2020,"Household.furnishings.and.operations",-0.643638002426351
Feb 2020,"Medical.care",0.0183385141944425
Feb 2020,"Medical.care.commodities",0.832366816630968
Feb 2020,"Medical.care.services",-0.0620108738057835
Feb 2020,"Nondurables",-0.476751790478141
Feb 2020,"Recreation",-0.375292956917158
Feb 2020,"Services",-0.177355153489368
Feb 2020,"Transportation",-0.319908432891191
Feb 2020,"Private.transportation",-0.37979713383322
Feb 2020,"Food.away.from.home",-0.501225658314116
Feb 2020,"New.vehicles",-0.310130822650748
Feb 2020,"Public.transportation",0.919501654510609
Feb 2020,"new_death",-1.30620853458196
Feb 2020,"new_case",-1.12013388913506
Feb 2020,"tot_cases",-1.19222698392592
Feb 2020,"tot_death",-1.3938330750302
Jan 2020,"All.items",-0.51565938602046
Jan 2020,"Energy",-0.128402739929259
Jan 2020,"All.items.less.food.and.energy",-0.537983011441931
Jan 2020,"Apparel",0.126434532322243
Jan 2020,"Commodities",-0.631881178193372
Jan 2020,"Durables",-0.815947755232949
Jan 2020,"Education.and.communication",-0.465429176012964
Jan 2020,"Education",-0.246862723571036
Jan 2020,"Communication",-0.297319136751521
Jan 2020,"Food.and.beverages",-0.778034360644141
Jan 2020,"Food",-0.771356477442716
Jan 2020,"Food.at.home",-0.903564325834985
Jan 2020,"Alcoholic.beverages",-0.882675995234705
Jan 2020,"Other.goods.and.services",-0.380967236179901
Jan 2020,"Housing",-0.436454487274571
Jan 2020,"Shelter",-0.38266712554582
Jan 2020,"Fuels.and.utilities",-0.414422187842176
Jan 2020,"Household.furnishings.and.operations",-0.726953439003944
Jan 2020,"Medical.care",-0.142575384998857
Jan 2020,"Medical.care.commodities",0.995169727281018
Jan 2020,"Medical.care.services",-0.231493385947656
Jan 2020,"Nondurables",-0.493638483979736
Jan 2020,"Recreation",-0.56729159636739
Jan 2020,"Services",-0.3429921830885
Jan 2020,"Transportation",-0.295157012682323
Jan 2020,"Private.transportation",-0.322387507048171
Jan 2020,"Food.away.from.home",-0.564892326303619
Jan 2020,"New.vehicles",-0.425504990333974
Jan 2020,"Public.transportation",0.573758249908443
Jan 2020,"new_death",-1.3062867607755
Jan 2020,"new_case",-1.12016739887439
Jan 2020,"tot_cases",-1.19223147269157
Jan 2020,"tot_death",-1.39383727508393
Dec 2019,"All.items",-0.67214911901199
Dec 2019,"Energy",-0.135969373375039
Dec 2019,"All.items.less.food.and.energy",-0.727569004712874
Dec 2019,"Apparel",-0.314325849975812
Dec 2019,"Commodities",-0.738258044006902
Dec 2019,"Durables",-0.852382414079952
Dec 2019,"Education.and.communication",-0.65977258450963
Dec 2019,"Education",-0.279982723971216
Dec 2019,"Communication",-0.463776383014966
Dec 2019,"Food.and.beverages",-0.946893938754534
Dec 2019,"Food",-0.935356731686687
Dec 2019,"Food.at.home",-1.1103996265832
Dec 2019,"Alcoholic.beverages",-1.18586786668795
Dec 2019,"Other.goods.and.services",-0.733954883018733
Dec 2019,"Housing",-0.645013945435706
Dec 2019,"Shelter",-0.566325836669435
Dec 2019,"Fuels.and.utilities",-0.657797688889325
Dec 2019,"Household.furnishings.and.operations",-0.994753056574772
Dec 2019,"Medical.care",-0.330265765040484
Dec 2019,"Medical.care.commodities",1.38008664614135
Dec 2019,"Medical.care.services",-0.44761080774741
Dec 2019,"Nondurables",-0.64395384021929
Dec 2019,"Recreation",-0.843060342838913
Dec 2019,"Services",-0.539390375327467
Dec 2019,"Transportation",-0.281645916329774
Dec 2019,"Private.transportation",-0.299048566213598
Dec 2019,"Food.away.from.home",-0.679936117791344
Dec 2019,"New.vehicles",-0.730324906727809
Dec 2019,"Public.transportation",0.486208987793928
Dec 2019,"new_death",NA
Dec 2019,"new_case",NA
Dec 2019,"tot_cases",NA
Dec 2019,"tot_death",NA
Nov 2019,"All.items",-0.597802573266903
Nov 2019,"Energy",-0.0665343841078844
Nov 2019,"All.items.less.food.and.energy",-0.63363933227263
Nov 2019,"Apparel",0.69554997148414
Nov 2019,"Commodities",-0.578937853272356
Nov 2019,"Durables",-0.771351732804216
Nov 2019,"Education.and.communication",-0.159518255231183
Nov 2019,"Education",-0.248415223589795
Nov 2019,"Communication",-0.0231542605529065
Nov 2019,"Food.and.beverages",-0.970727647515787
Nov 2019,"Food",-0.962762609716849
Nov 2019,"Food.at.home",-1.08843481588428
Nov 2019,"Alcoholic.beverages",-1.12280729838294
Nov 2019,"Other.goods.and.services",-0.577231831315146
Nov 2019,"Housing",-0.700110565779798
Nov 2019,"Shelter",-0.650260360757601
Nov 2019,"Fuels.and.utilities",-0.719868962211146
Nov 2019,"Household.furnishings.and.operations",-0.847463266910813
Nov 2019,"Medical.care",-0.44374704101674
Nov 2019,"Medical.care.commodities",0.927990831064817
Nov 2019,"Medical.care.services",-0.513117431819374
Nov 2019,"Nondurables",-0.431799888058403
Nov 2019,"Recreation",-0.685303498959413
Nov 2019,"Services",-0.57015153796731
Nov 2019,"Transportation",-0.192291018603258
Nov 2019,"Private.transportation",-0.267165905966366
Nov 2019,"Food.away.from.home",-0.762890543107424
Nov 2019,"New.vehicles",-0.873689257103412
Nov 2019,"Public.transportation",1.12015003033397
Nov 2019,"new_death",NA
Nov 2019,"new_case",NA
Nov 2019,"tot_cases",NA
Nov 2019,"tot_death",NA
Oct 2019,"All.items",-0.566894458743666
Oct 2019,"Energy",0.0245831430165026
Oct 2019,"All.items.less.food.and.energy",-0.623970101286137
Oct 2019,"Apparel",1.37125452270505
Oct 2019,"Commodities",-0.451971916656211
Oct 2019,"Durables",-0.686823324279172
Oct 2019,"Education.and.communication",-0.39704908783822
Oct 2019,"Education",-0.253590223652319
Oct 2019,"Communication",-0.215069673891934
Oct 2019,"Food.and.beverages",-0.943746090427574
Oct 2019,"Food",-0.942534461646971
Oct 2019,"Food.at.home",-1.00789717665488
Oct 2019,"Alcoholic.beverages",-0.929031777233752
Oct 2019,"Other.goods.and.services",-0.719235038383593
Oct 2019,"Housing",-0.713668372880175
Oct 2019,"Shelter",-0.708155791564291
Oct 2019,"Fuels.and.utilities",-0.621151089668248
Oct 2019,"Household.furnishings.and.operations",-0.710091981601334
Oct 2019,"Medical.care",-0.567173867022379
Oct 2019,"Medical.care.commodities",1.02361484549868
Oct 2019,"Medical.care.services",-0.635057740341149
Oct 2019,"Nondurables",-0.276727716747974
Oct 2019,"Recreation",-0.825327984418343
Oct 2019,"Services",-0.645871322926913
Oct 2019,"Transportation",-0.144150641683254
Oct 2019,"Private.transportation",-0.218091615193667
Oct 2019,"Food.away.from.home",-0.811365968600768
Oct 2019,"New.vehicles",-0.900655408721682
Oct 2019,"Public.transportation",1.11897801879294
Oct 2019,"new_death",NA
Oct 2019,"new_case",NA
Oct 2019,"tot_cases",NA
Oct 2019,"tot_death",NA
Sep 2019,"All.items",-0.622863206664124
Sep 2019,"Energy",-0.00988001099704808
Sep 2019,"All.items.less.food.and.energy",-0.675424223321419
Sep 2019,"Apparel",1.56074627747661
Sep 2019,"Commodities",-0.500258189848066
Sep 2019,"Durables",-0.646307983641302
Sep 2019,"Education.and.communication",0.173384805619579
Sep 2019,"Education",-0.381153975193657
Sep 2019,"Communication",0.458592593338933
Sep 2019,"Food.and.beverages",-1.01569690932948
Sep 2019,"Food",-1.02170699817855
Sep 2019,"Food.at.home",-1.10856922569163
Sep 2019,"Alcoholic.beverages",-0.82713258076737
Sep 2019,"Other.goods.and.services",-0.917520004351106
Sep 2019,"Housing",-0.687418150622002
Sep 2019,"Shelter",-0.693751186770277
Sep 2019,"Fuels.and.utilities",-0.408986567862015
Sep 2019,"Household.furnishings.and.operations",-0.86680435040204
Sep 2019,"Medical.care",-0.898692201335036
Sep 2019,"Medical.care.commodities",0.513418363424377
Sep 2019,"Medical.care.services",-0.898172989383674
Sep 2019,"Nondurables",-0.38209117056779
Sep 2019,"Recreation",-1.01549224196301
Sep 2019,"Services",-0.705914746156599
Sep 2019,"Transportation",-0.219426749933166
Sep 2019,"Private.transportation",-0.27466770837748
Sep 2019,"Food.away.from.home",-0.866327542575618
Sep 2019,"New.vehicles",-0.886318973684122
Sep 2019,"Public.transportation",0.880825273656808
Sep 2019,"new_death",NA
Sep 2019,"new_case",NA
Sep 2019,"tot_cases",NA
Sep 2019,"tot_death",NA
Aug 2019,"All.items",-0.634001265951776
Aug 2019,"Energy",0.0722720092714158
Aug 2019,"All.items.less.food.and.energy",-0.700978619500011
Aug 2019,"Apparel",0.759247368780667
Aug 2019,"Commodities",-0.432118169810829
Aug 2019,"Durables",-0.361534690093132
Aug 2019,"Education.and.communication",0.0222288212332833
Aug 2019,"Education",-0.724515229342435
Aug 2019,"Communication",1.06567196206444
Aug 2019,"Food.and.beverages",-1.08337564835907
Aug 2019,"Food",-1.09391931171833
Aug 2019,"Food.at.home",-1.17812445957156
Aug 2019,"Alcoholic.beverages",-0.787876332948357
Aug 2019,"Other.goods.and.services",-0.930796726963194
Aug 2019,"Housing",-0.782611264305505
Aug 2019,"Shelter",-0.826993781114865
Aug 2019,"Fuels.and.utilities",-0.292208409578585
Aug 2019,"Household.furnishings.and.operations",-0.965989393946791
Aug 2019,"Medical.care",-0.937709359142608
Aug 2019,"Medical.care.commodities",1.29898779845693
Aug 2019,"Medical.care.services",-1.0081370176042
Aug 2019,"Nondurables",-0.450827148341887
Aug 2019,"Recreation",-0.821659220607192
Aug 2019,"Services",-0.797902453666119
Aug 2019,"Transportation",-0.0606997524469288
Aug 2019,"Private.transportation",-0.107023262829133
Aug 2019,"Food.away.from.home",-0.940406185759111
Aug 2019,"New.vehicles",-0.705065473566394
Aug 2019,"Public.transportation",0.821755891989183
Aug 2019,"new_death",NA
Aug 2019,"new_case",NA
Aug 2019,"tot_cases",NA
Aug 2019,"tot_death",NA
Jul 2019,"All.items",-0.628153784825761
Jul 2019,"Energy",0.361838805171249
Jul 2019,"All.items.less.food.and.energy",-0.786965709344206
Jul 2019,"Apparel",0.297361216524971
Jul 2019,"Commodities",-0.348781454657377
Jul 2019,"Durables",-0.339090940243375
Jul 2019,"Education.and.communication",-0.803730664877523
Jul 2019,"Education",-1.29117773618932
Jul 2019,"Communication",1.18121287417671
Jul 2019,"Food.and.beverages",-1.10136335308455
Jul 2019,"Food",-1.11088485526081
Jul 2019,"Food.at.home",-1.1438698143149
Jul 2019,"Alcoholic.beverages",-0.831726397001508
Jul 2019,"Other.goods.and.services",-1.03614463464608
Jul 2019,"Housing",-0.791265183731278
Jul 2019,"Shelter",-0.882950130506975
Jul 2019,"Fuels.and.utilities",-0.208219313756116
Jul 2019,"Household.furnishings.and.operations",-0.793903343396653
Jul 2019,"Medical.care",-1.22791540871785
Jul 2019,"Medical.care.commodities",0.684694288011594
Jul 2019,"Medical.care.services",-1.22334714544174
Jul 2019,"Nondurables",-0.325960752731504
Jul 2019,"Recreation",-0.904206406358093
Jul 2019,"Services",-0.870368654115732
Jul 2019,"Transportation",0.0973460132904405
Jul 2019,"Private.transportation",0.0258211548676628
Jul 2019,"Food.away.from.home",-1.01021762599424
Jul 2019,"New.vehicles",-0.550095437684198
Jul 2019,"Public.transportation",1.10796111030732
Jul 2019,"new_death",NA
Jul 2019,"new_case",NA
Jul 2019,"tot_cases",NA
Jul 2019,"tot_death",NA
Jun 2019,"All.items",-0.674376730869523
Jun 2019,"Energy",0.295010807259365
Jun 2019,"All.items.less.food.and.energy",-0.831513237817712
Jun 2019,"Apparel",0.843110273764029
Jun 2019,"Commodities",-0.364713473730831
Jun 2019,"Durables",-0.372027871841065
Jun 2019,"Education.and.communication",-0.832522280951086
Jun 2019,"Education",-1.37682398722417
Jun 2019,"Communication",1.23996249050498
Jun 2019,"Food.and.beverages",-1.11552867055586
Jun 2019,"Food",-1.11675754341013
Jun 2019,"Food.at.home",-1.10124762212532
Jun 2019,"Alcoholic.beverages",-1.05473529418613
Jun 2019,"Other.goods.and.services",-1.26588966071616
Jun 2019,"Housing",-0.893958360917121
Jun 2019,"Shelter",-0.994585817660541
Jun 2019,"Fuels.and.utilities",-0.291857724418573
Jun 2019,"Household.furnishings.and.operations",-0.835065136467723
Jun 2019,"Medical.care",-1.41356567593293
Jun 2019,"Medical.care.commodities",0.455922911707819
Jun 2019,"Medical.care.services",-1.37522815471663
Jun 2019,"Nondurables",-0.328339160266938
Jun 2019,"Recreation",-0.880359441585611
Jun 2019,"Services",-0.945496878255344
Jun 2019,"Transportation",0.084175532812328
Jun 2019,"Private.transportation",-0.0413824917318907
Jun 2019,"Food.away.from.home",-1.0656912643229
Jun 2019,"New.vehicles",-0.422774240803007
Jun 2019,"Public.transportation",1.62505260220723
Jun 2019,"new_death",NA
Jun 2019,"new_case",NA
Jun 2019,"tot_cases",NA
Jun 2019,"tot_death",NA
May 2019,"All.items",-0.691083819801004
May 2019,"Energy",0.515969220907129
May 2019,"All.items.less.food.and.energy",-0.934766811566359
May 2019,"Apparel",1.10782257308174
May 2019,"Commodities",-0.225982353798904
May 2019,"Durables",-0.438193212307223
May 2019,"Education.and.communication",-0.996274597369582
May 2019,"Education",-1.45263773814022
May 2019,"Communication",1.17337959199961
May 2019,"Food.and.beverages",-1.09776581213945
May 2019,"Food",-1.09326679081285
May 2019,"Food.at.home",-0.975211446448149
May 2019,"Alcoholic.beverages",-1.19296740086799
May 2019,"Other.goods.and.services",-1.22144150240612
May 2019,"Housing",-1.09847932334623
May 2019,"Shelter",-1.14638819125894
May 2019,"Fuels.and.utilities",-0.743715553091846
May 2019,"Household.furnishings.and.operations",-1.04285780269397
May 2019,"Medical.care",-1.48318452613859
May 2019,"Medical.care.commodities",0.722217635447672
May 2019,"Medical.care.services",-1.46323566905154
May 2019,"Nondurables",-0.036508555668944
May 2019,"Recreation",-0.892588654289445
May 2019,"Services",-1.12828917163438
May 2019,"Transportation",0.202369241240921
May 2019,"Private.transportation",0.0741661037392808
May 2019,"Food.away.from.home",-1.15700940741776
May 2019,"New.vehicles",-0.388298527974588
May 2019,"Public.transportation",1.6810747538682
May 2019,"new_death",NA
May 2019,"new_case",NA
May 2019,"tot_cases",NA
May 2019,"tot_death",NA
Apr 2019,"All.items",-0.762645850724181
Apr 2019,"Energy",0.342699673514278
Apr 2019,"All.items.less.food.and.energy",-0.975170383902795
Apr 2019,"Apparel",1.30531651344332
Apr 2019,"Commodities",-0.254659988131123
Apr 2019,"Durables",-0.355705144677609
Apr 2019,"Education.and.communication",-0.900902369125856
Apr 2019,"Education",-1.61487399010049
Apr 2019,"Communication",1.40641973676843
Apr 2019,"Food.and.beverages",-1.13823814777177
Apr 2019,"Food",-1.1341581008896
Apr 2019,"Food.at.home",-0.999006658038654
Apr 2019,"Alcoholic.beverages",-1.21593648203868
Apr 2019,"Other.goods.and.services",-1.37181481720828
Apr 2019,"Housing",-1.21703801947933
Apr 2019,"Shelter",-1.28295492517137
Apr 2019,"Fuels.and.utilities",-0.836471777914574
Apr 2019,"Household.furnishings.and.operations",-1.0686459140156
Apr 2019,"Medical.care",-1.64741360867502
Apr 2019,"Medical.care.commodities",0.685904718574054
Apr 2019,"Medical.care.services",-1.61402792557178
Apr 2019,"Nondurables",-0.147342346820262
Apr 2019,"Recreation",-0.573406202719312
Apr 2019,"Services",-1.24157306866379
Apr 2019,"Transportation",0.138901149971388
Apr 2019,"Private.transportation",0.053431955408567
Apr 2019,"Food.away.from.home",-1.21760368928444
Apr 2019,"New.vehicles",-0.349044003466985
Apr 2019,"Public.transportation",1.16468646889289
Apr 2019,"new_death",NA
Apr 2019,"new_case",NA
Apr 2019,"tot_cases",NA
Apr 2019,"tot_death",NA
Mar 2019,"All.items",-0.937791833022532
Mar 2019,"Energy",-0.197011122181326
Mar 2019,"All.items.less.food.and.energy",-1.05079758340432
Mar 2019,"Apparel",1.40422352733591
Mar 2019,"Commodities",-0.473296311416066
Mar 2019,"Durables",-0.293329008731541
Mar 2019,"Education.and.communication",-0.801931188872915
Mar 2019,"Education",-1.63195149030684
Mar 2019,"Communication",1.50237744343794
Mar 2019,"Food.and.beverages",-1.13598968468109
Mar 2019,"Food",-1.13263555211014
Mar 2019,"Food.at.home",-0.9080095851431
Mar 2019,"Alcoholic.beverages",-1.19087930257974
Mar 2019,"Other.goods.and.services",-1.40731561897538
Mar 2019,"Housing",-1.30213489383277
Mar 2019,"Shelter",-1.45304006639294
Mar 2019,"Fuels.and.utilities",-0.714784027390997
Mar 2019,"Household.furnishings.and.operations",-0.845479566039922
Mar 2019,"Medical.care",-1.7246828819802
Mar 2019,"Medical.care.commodities",0.246518424403295
Mar 2019,"Medical.care.services",-1.64705342579642
Mar 2019,"Nondurables",-0.555477079901069
Mar 2019,"Recreation",-0.586246876058341
Mar 2019,"Services",-1.35899789143318
Mar 2019,"Transportation",-0.197740872594202
Mar 2019,"Private.transportation",-0.262894046260038
Mar 2019,"Food.away.from.home",-1.31284765909179
Mar 2019,"New.vehicles",-0.364063125887285
Mar 2019,"Public.transportation",0.859260261301961
Mar 2019,"new_death",NA
Mar 2019,"new_case",NA
Mar 2019,"tot_cases",NA
Mar 2019,"tot_death",NA
Feb 2019,"All.items",-1.13994760909345
Feb 2019,"Energy",-0.644841368892465
Feb 2019,"All.items.less.food.and.energy",-1.16233906942711
Feb 2019,"Apparel",1.44743532952199
Feb 2019,"Commodities",-0.744875959622029
Feb 2019,"Durables",-0.31548128131052
Feb 2019,"Education.and.communication",-0.123528735139216
Feb 2019,"Education",-1.69534524107281
Feb 2019,"Communication",2.13295665869476
Feb 2019,"Food.and.beverages",-1.19467457134795
Feb 2019,"Food",-1.19788764265814
Feb 2019,"Food.at.home",-0.981487106647842
Feb 2019,"Alcoholic.beverages",-1.0714400804921
Feb 2019,"Other.goods.and.services",-1.3426637523426
Feb 2019,"Housing",-1.44607842028147
Feb 2019,"Shelter",-1.63808383566982
Feb 2019,"Fuels.and.utilities",-0.716011425451034
Feb 2019,"Household.furnishings.and.operations",-0.851926593870327
Feb 2019,"Medical.care",-1.80475731042188
Feb 2019,"Medical.care.commodities",-0.0621413690224575
Feb 2019,"Medical.care.services",-1.69441417062407
Feb 2019,"Nondurables",-0.979784984222849
Feb 2019,"Recreation",-0.778856976143768
Feb 2019,"Services",-1.48204254199253
Feb 2019,"Transportation",-0.529160118418472
Feb 2019,"Private.transportation",-0.595578144852877
Feb 2019,"Food.away.from.home",-1.36849198553838
Feb 2019,"New.vehicles",-0.48728819847203
Feb 2019,"Public.transportation",0.790814787306142
Feb 2019,"new_death",NA
Feb 2019,"new_case",NA
Feb 2019,"tot_cases",NA
Feb 2019,"tot_death",NA
Jan 2019,"All.items",-1.29866495394251
Jan 2019,"Energy",-0.752808962093589
Jan 2019,"All.items.less.food.and.energy",-1.33500390847168
Jan 2019,"Apparel",0.570075701432699
Jan 2019,"Commodities",-0.924540113173444
Jan 2019,"Durables",-0.334427303910961
Jan 2019,"Education.and.communication",-0.0857397390426424
Jan 2019,"Education",-1.82135649259539
Jan 2019,"Communication",2.34837191856509
Jan 2019,"Food.and.beverages",-1.28933486746575
Jan 2019,"Food",-1.28880555548836
Jan 2019,"Food.at.home",-1.06307068924386
Jan 2019,"Alcoholic.beverages",-1.27022703753307
Jan 2019,"Other.goods.and.services",-1.53604210343173
Jan 2019,"Housing",-1.56463711641457
Jan 2019,"Shelter",-1.80429081406223
Jan 2019,"Fuels.and.utilities",-0.589063397527307
Jan 2019,"Household.furnishings.and.operations",-0.980371225260778
Jan 2019,"Medical.care",-1.92741909411756
Jan 2019,"Medical.care.commodities",0.366956265367446
Jan 2019,"Medical.care.services",-1.84593226231408
Jan 2019,"Nondurables",-1.25116128401609
Jan 2019,"Recreation",-0.91215539461559
Jan 2019,"Services",-1.61425638526184
Jan 2019,"Transportation",-0.668699088311593
Jan 2019,"Private.transportation",-0.704979430014942
Jan 2019,"Food.away.from.home",-1.46834453452995
Jan 2019,"New.vehicles",-0.53063884727608
Jan 2019,"Public.transportation",0.453978670415761
Jan 2019,"new_death",NA
Jan 2019,"new_case",NA
Jan 2019,"tot_cases",NA
Jan 2019,"tot_death",NA
